point_id,lat,lon,population,cluster_id,max_membership_prob,chosen_k,bootstrap_ari_mean_chosen_k,bootstrap_effective_n_resamples_chosen_k,prob_cluster0,prob_cluster1,prob_cluster2
TNP_0001,13.125,80.125,5068599.2233457565,2,1.0,3,0.6302794946033695,50,1.0818167268045053e-111,3.186078790334531e-32,1.0
TNP_0002,12.875,80.125,3176285.3368492126,2,1.0,3,0.6302794946033695,50,8.944014958106432e-106,6.603724885904053e-35,1.0
TNP_0003,13.125,80.375,2187441.213805318,2,1.0,3,0.6302794946033695,50,3.3325478404003586e-98,2.4588141336375462e-57,1.0
TNP_0004,9.875,78.125,2115244.36277926,0,0.9999999999999147,3,0.6302794946033695,50,0.9999999999999147,8.679246849903828e-14,1.7143567822294025e-31
TNP_0005,11.625,78.125,1714135.3546363115,1,0.999374094568349,3,0.6302794946033695,50,0.0006259054316504446,0.999374094568349,8.695490010407563e-35
TNP_0006,10.875,78.625,1304575.5502040386,0,1.0,3,0.6302794946033695,50,1.0,1.3858509529953696e-15,3.703532040211399e-19
TNP_0007,10.875,76.875,1258467.862797141,1,1.0,3,0.6302794946033695,50,4.640000846531717e-67,1.0,8.927614916249977e-191
TNP_0008,11.125,77.375,1234266.652519226,1,0.9784564049833093,3,0.6302794946033695,50,0.02154359501668908,0.9784564049833093,1.4000490943530818e-75
TNP_0009,12.875,79.125,901144.725508362,2,0.9999998052659625,3,0.6302794946033695,50,8.157286153866374e-38,1.9473403740250156e-07,0.9999998052659625
TNP_0010,11.625,79.625,890343.420427084,2,1.0,3,0.6302794946033695,50,1.4894980234609162e-36,2.3212613193052033e-24,1.0
TNP_0011,8.125,77.375,856360.3904578686,0,1.0,3,0.6302794946033695,50,1.0,4.2281316293743754e-49,9.761073228926718e-94
TNP_0012,11.375,77.625,850894.7885315418,1,0.9999998651499509,3,0.6302794946033695,50,1.3485004957257234e-07,0.9999998651499509,1.3908789990450436e-74
TNP_0013,11.875,79.625,793806.6025528908,2,1.0,3,0.6302794946033695,50,9.891601784869908e-38,3.34472487083477e-23,1.0
TNP_0014,10.875,79.375,761459.6739379168,2,1.0,3,0.6302794946033695,50,7.002920208146965e-27,1.5082561810629974e-21,1.0
TNP_0015,11.125,77.125,759539.1904519796,1,1.0,3,0.6302794946033695,50,4.58237286102397e-17,1.0,4.360170298243605e-129
TNP_0016,11.125,79.625,705301.0805649757,2,1.0,3,0.6302794946033695,50,5.419598954633597e-35,6.575374928670046e-26,1.0
TNP_0017,11.125,76.875,686165.5627800226,1,1.0,3,0.6302794946033695,50,6.058850182859688e-135,1.0,0.0
TNP_0018,10.875,77.125,667808.2734088898,1,0.999444979424309,3,0.6302794946033695,50,0.0005550205756901593,0.999444979424309,3.341056428113298e-95
TNP_0019,11.375,77.875,660676.1065044403,0,0.9999558298248435,3,0.6302794946033695,50,0.9999558298248435,4.4170175157705674e-05,2.769892140330553e-49
TNP_0020,12.875,79.625,624118.5540295839,2,1.0,3,0.6302794946033695,50,5.265994018633384e-43,3.455884151709852e-20,1.0
TNP_0021,11.375,79.625,611160.1712343693,2,1.0,3,0.6302794946033695,50,5.87076991715336e-36,2.246588246971571e-24,1.0
TNP_0022,12.875,79.875,596457.0556298494,2,1.0,3,0.6302794946033695,50,1.1311927700769366e-38,7.459768410470738e-24,1.0
TNP_0023,8.625,77.625,582560.4265007973,0,0.9999999995158504,3,0.6302794946033695,50,0.9999999995158504,4.841505347728913e-10,6.2152080972967074e-68
TNP_0024,10.875,79.125,581223.5783321857,2,1.0,3,0.6302794946033695,50,1.1601242649105207e-24,5.787355289398876e-20,1.0
TNP_0025,13.125,79.875,578685.5680625439,2,1.0,3,0.6302794946033695,50,6.656571588117829e-53,2.730787796867336e-18,1.0
TNP_0026,12.875,78.875,578566.7887402773,1,1.0,3,0.6302794946033695,50,5.088262320397415e-16,1.0,1.8732880133314773e-26
TNP_0027,12.625,78.625,570663.8527343869,1,1.0,3,0.6302794946033695,50,9.542173948061903e-23,1.0,9.472299037437007e-52
TNP_0028,12.875,79.375,570341.4928501844,2,1.0,3,0.6302794946033695,50,2.8080336260277555e-42,7.399234402153952e-16,1.0
TNP_0029,8.875,77.375,558795.526090622,1,0.9999839899957417,3,0.6302794946033695,50,1.6010004261349456e-05,0.9999839899957417,8.053086412620448e-103
TNP_0030,10.875,79.625,558068.7767105103,2,1.0,3,0.6302794946033695,50,1.7659362902689606e-27,2.9689221937156776e-24,1.0
TNP_0031,10.375,77.875,552232.6657766402,0,0.9999994227166941,3,0.6302794946033695,50,0.9999994227166941,5.772833059254458e-07,2.934590691399753e-46
TNP_0032,11.625,77.875,548446.908927083,1,0.9999928257420577,3,0.6302794946033695,50,7.1742579414950466e-06,0.9999928257420577,2.242861243320118e-58
TNP_0033,8.875,77.625,539231.9798537493,0,0.9999999999128875,3,0.6302794946033695,50,0.9999999999128875,8.711160177874697e-11,1.8031964874308168e-62
TNP_0034,12.125,79.125,538197.4571355581,2,1.0,3,0.6302794946033695,50,9.06636643547345e-39,3.967890339902998e-17,1.0
TNP_0035,8.375,77.125,531967.9416552782,0,1.0,3,0.6302794946033695,50,1.0,6.06904108891437e-34,3.3351348205329674e-97
TNP_0036,9.375,77.625,529327.0772749186,1,0.9999999987100239,3,0.6302794946033695,50,1.2899777932896557e-09,0.9999999987100239,2.1965824082574186e-121
TNP_0037,11.875,79.375,513207.50633621216,2,1.0,3,0.6302794946033695,50,4.445789738548524e-37,1.1834365682874117e-20,1.0
TNP_0038,10.875,78.875,509643.5959506035,0,0.9999999999999893,3,0.6302794946033695,50,0.9999999999999893,1.1359038810091492e-14,8.191180864228283e-16
TNP_0039,11.125,78.125,509339.4160377979,0,0.9999999911820865,3,0.6302794946033695,50,0.9999999911820865,8.817912921737763e-09,7.121046573191847e-29
TNP_0040,9.875,77.375,503075.9377707541,1,1.0,3,0.6302794946033695,50,2.609778711826276e-47,1.0,3.721027417038096e-240
TNP_0041,10.875,77.375,497094.1553002596,0,0.999998991649495,3,0.6302794946033695,50,0.999998991649495,1.0083505061359316e-06,8.498064567622443e-76
TNP_0042,11.375,78.125,487498.5251520872,0,0.9349745578239277,3,0.6302794946033695,50,0.9349745578239277,0.06502544217607366,7.188312217895244e-32
TNP_0043,9.375,77.875,482909.210804224,0,0.9999999999999893,3,0.6302794946033695,50,0.9999999999999893,1.2409412761846317e-14,1.694045767225302e-80
TNP_0044,12.625,79.875,476504.6826384068,2,1.0,3,0.6302794946033695,50,3.681423387624061e-37,6.105803788708374e-28,1.0
TNP_0045,11.625,79.375,472531.033213377,2,1.0,3,0.6302794946033695,50,1.381332304466704e-35,4.610408615535467e-21,1.0
TNP_0046,8.875,78.125,470011.098297298,0,1.0,3,0.6302794946033695,50,1.0,1.3653262198284372e-29,3.8863304427424236e-50
TNP_0047,10.625,79.625,464208.09969496727,2,1.0,3,0.6302794946033695,50,8.049503418216766e-25,2.0097607967453492e-26,1.0
TNP_0048,13.125,79.625,453560.4962954521,2,0.9999999999999929,3,0.6302794946033695,50,1.303955772182296e-58,8.855559148378292e-15,0.9999999999999929
TNP_0049,10.875,78.125,453204.45869636536,0,1.0,3,0.6302794946033695,50,1.0,7.342108590129951e-20,5.10258838656131e-39
TNP_0050,12.625,77.875,453078.5000749826,1,1.0,3,0.6302794946033695,50,1.0243514451927052e-49,1.0,3.4184026974695345e-139
TNP_0051,10.125,77.875,444004.8665029407,1,1.0,3,0.6302794946033695,50,4.236802349660274e-26,1.0,1.6977371448562345e-139
TNP_0052,12.125,78.125,442702.0660517812,1,1.0,3,0.6302794946033695,50,3.3871365724586133e-16,1.0,1.7823956628492662e-44
TNP_0053,9.125,77.375,432034.77818611264,1,1.0,3,0.6302794946033695,50,2.0106361111194646e-19,1.0,9.557166884297033e-169
TNP_0054,13.375,80.125,428818.2389336824,2,1.0,3,0.6302794946033695,50,6.977693805349912e-110,1.6522302186233616e-30,1.0
TNP_0055,9.625,77.875,428798.5923881531,0,0.9999999999619078,3,0.6302794946033695,50,0.9999999999619078,3.809156820229762e-11,1.1454613297249054e-82
TNP_0056,10.375,78.875,425651.40564394,0,1.0,3,0.6302794946033695,50,1.0,7.704716688971192e-17,1.321406164055041e-16
TNP_0057,11.875,79.125,424644.4549734592,2,1.0,3,0.6302794946033695,50,1.5567405933575706e-36,1.649597436393609e-17,1.0
TNP_0058,12.125,79.625,421316.1258692741,2,1.0,3,0.6302794946033695,50,1.0553922841242235e-40,1.631857554729504e-22,1.0
TNP_0059,10.625,79.375,415753.8382663727,2,1.0,3,0.6302794946033695,50,3.4615520497601293e-25,1.8461877751908103e-24,1.0
TNP_0060,12.375,78.375,415477.9771983624,1,0.9999999999999929,3,0.6302794946033695,50,5.7480765174252865e-15,0.9999999999999929,2.2573008737340784e-39
TNP_0061,11.125,77.875,414226.7854287028,0,0.9999999999593108,3,0.6302794946033695,50,0.9999999999593108,4.068845326089722e-11,2.8102182666799756e-51
TNP_0062,12.625,80.125,412132.4269834757,2,1.0,3,0.6302794946033695,50,4.152502404102667e-101,6.609532122631784e-40,1.0
TNP_0063,11.375,77.375,411676.414712131,1,1.0,3,0.6302794946033695,50,1.8500225867327516e-18,1.0,6.189629422602513e-122
TNP_0064,10.625,77.125,409948.4459089637,0,0.9997993306015,3,0.6302794946033695,50,0.9997993306015,0.00020066939850053945,5.438541927693646e-77
TNP_0065,12.625,79.375,409050.7556846142,2,1.0,3,0.6302794946033695,50,7.290245942497073e-42,1.5828833834107013e-17,1.0
TNP_0066,11.625,78.875,398426.9544980228,1,0.999999963948224,3,0.6302794946033695,50,3.6051776341235494e-08,0.999999963948224,4.7410133299510704e-32
TNP_0067,12.125,78.375,397447.7478468418,1,0.9999999928141463,3,0.6302794946033695,50,7.185854129419631e-09,0.9999999928141463,1.0658135432804675e-24
TNP_0068,10.125,77.625,388361.20780590177,1,1.0,3,0.6302794946033695,50,3.0953720552919874e-61,1.0,2.847035959199192e-269
TNP_0069,12.125,79.375,387112.1581530571,2,1.0,3,0.6302794946033695,50,1.9275813067496802e-39,1.2595081539641536e-20,1.0
TNP_0070,10.375,78.125,383953.9953950644,0,0.9999999999986926,3,0.6302794946033695,50,0.9999999999986926,1.3074377992233726e-12,2.482145332225928e-20
TNP_0071,12.375,79.125,380318.77103960514,1,0.9999999999964544,3,0.6302794946033695,50,2.942000702643027e-36,0.9999999999964544,3.545391297595718e-12
TNP_0072,11.125,79.375,377556.557136178,2,1.0,3,0.6302794946033695,50,3.147584135044522e-34,1.0561830621156338e-23,1.0
TNP_0073,12.375,78.125,376712.411831975,1,1.0,3,0.6302794946033695,50,1.92617207393786e-26,1.0,1.6758704816781754e-75
TNP_0074,8.375,77.375,373703.33825439215,0,0.9999998303077151,3,0.6302794946033695,50,0.9999998303077151,1.696922817180172e-07,2.623736830806266e-98
TNP_0075,12.625,79.625,372911.4339413643,2,1.0,3,0.6302794946033695,50,4.580806188262683e-42,5.2962462650359694e-21,1.0
TNP_0076,11.625,78.375,372498.0526821613,1,0.9999999885805941,3,0.6302794946033695,50,1.1419405234028531e-08,0.9999999885805941,8.44143643818341e-37
TNP_0077,11.875,77.875,371649.5389996022,1,0.9999999507421554,3,0.6302794946033695,50,4.925784348803963e-08,0.9999999507421554,4.515214098285974e-62
TNP_0078,12.375,78.625,369950.2013204098,1,0.9999999999999325,3,0.6302794946033695,50,6.764125366132574e-14,0.9999999999999325,1.2034994900905474e-27
TNP_0079,10.625,77.375,367961.2143267989,0,0.9999999640252646,3,0.6302794946033695,50,0.9999999640252646,3.5974735858331666e-08,3.522037286060427e-76
TNP_0080,10.375,79.375,365971.6754934192,2,1.0,3,0.6302794946033695,50,5.949209852223914e-23,8.129187743769754e-25,1.0
TNP_0081,10.625,79.125,361159.2509186268,2,1.0,3,0.6302794946033695,50,6.737097766268108e-23,1.0000660628400076e-22,1.0
TNP_0082,12.625,78.125,360799.10471487045,1,1.0,3,0.6302794946033695,50,2.1539994538364648e-32,1.0,1.532111334017732e-98
TNP_0083,12.375,79.875,359551.7668402195,2,1.0,3,0.6302794946033695,50,1.158841059404665e-35,5.966589281864382e-28,1.0
TNP_0084,12.875,78.625,356433.593002066,1,1.0,3,0.6302794946033695,50,1.2395164961971856e-24,1.0,7.658646064933317e-60
TNP_0085,12.625,79.125,355228.05595360696,2,0.9844500159409629,3,0.6302794946033695,50,5.906624712010726e-35,0.015549984059038386,0.9844500159409629
TNP_0086,13.125,79.375,353338.442471683,2,0.9999999998791225,3,0.6302794946033695,50,4.4377654657725044e-57,1.2087433847829057e-10,0.9999999998791225
TNP_0087,9.375,78.875,353010.24430310726,0,1.0,3,0.6302794946033695,50,1.0,9.25079122126135e-28,4.843442840384774e-24
TNP_0088,10.125,78.875,350070.71990942955,0,0.9999999999999716,3,0.6302794946033695,50,0.9999999999999716,1.2588741797475934e-15,2.8148683431699926e-14
TNP_0089,11.375,77.125,348400.17650821805,1,1.0,3,0.6302794946033695,50,3.504088319606041e-91,1.0,0.0
TNP_0090,12.375,79.375,345564.8446456194,2,1.0,3,0.6302794946033695,50,4.095152441063782e-41,7.882998254760913e-17,1.0
TNP_0091,11.875,78.125,338277.50642474,1,0.9999999863074898,3,0.6302794946033695,50,1.3692510729069155e-08,0.9999999863074898,5.615897416567328e-43
TNP_0092,11.875,79.875,331753.007565856,2,1.0,3,0.6302794946033695,50,3.4552792492251536e-24,1.279773725384694e-39,1.0
TNP_0093,10.875,78.375,331288.6401773691,0,1.0,3,0.6302794946033695,50,1.0,5.976023191794604e-18,1.2162674366531833e-25
TNP_0094,11.375,76.875,329277.33425694704,1,1.0,3,0.6302794946033695,50,1.1671071959456198e-178,1.0,0.0
TNP_0095,8.625,78.125,328577.7085413933,0,1.0,3,0.6302794946033695,50,1.0,2.9402929268515487e-45,1.9345623698897537e-56
TNP_0096,9.875,77.875,321388.47564196587,0,0.999547476401984,3,0.6302794946033695,50,0.999547476401984,0.00045252359801882655,2.1284887732392465e-87
TNP_0097,12.125,79.875,320211.4485657811,2,1.0,3,0.6302794946033695,50,9.911363630064802e-34,1.4475506174859042e-35,1.0
TNP_0098,10.125,78.125,317831.9035288989,1,0.9895417496965051,3,0.6302794946033695,50,0.010458250303493516,0.9895417496965051,3.922718189170214e-43
TNP_0099,10.125,78.375,316057.0736576021,0,0.9999720123140293,3,0.6302794946033695,50,0.9999720123140293,2.79876859693782e-05,3.733062344674641e-24
TNP_0100,11.375,79.375,315788.482935071,2,1.0,3,0.6302794946033695,50,5.730865824897617e-35,1.1399504091063505e-21,1.0
TNP_0101,11.625,79.125,312785.2295117378,2,1.0,3,0.6302794946033695,50,4.871420214169122e-35,2.895673069655685e-18,1.0
TNP_0102,10.625,78.625,311437.63846439123,0,1.0,3,0.6302794946033695,50,1.0,1.2925585971450138e-19,1.116047085748031e-25
TNP_0103,11.125,78.625,309087.12795975804,0,0.9853175075927776,3,0.6302794946033695,50,0.9853175075927776,0.014682492407221063,2.954280823203731e-17
TNP_0104,10.375,79.125,307193.6989862919,2,1.0,3,0.6302794946033695,50,2.1540249717235088e-24,1.5997956889700743e-24,1.0
TNP_0105,11.125,78.875,305830.6020783186,0,0.999914353478507,3,0.6302794946033695,50,0.999914353478507,8.564651469434826e-05,6.797328347997885e-12
TNP_0106,12.375,79.625,305810.3294095993,2,1.0,3,0.6302794946033695,50,7.658896398636624e-42,9.401855188659383e-21,1.0
TNP_0107,10.625,76.875,305741.92967784405,1,1.0,3,0.6302794946033695,50,2.8375566797632633e-39,1.0,5.341629393514914e-97
TNP_0108,10.625,78.375,305614.69948893785,0,1.0,3,0.6302794946033695,50,1.0,6.726170911999031e-21,2.0067507230947476e-27
TNP_0109,11.875,78.875,301935.04241657257,1,0.9999999767526833,3,0.6302794946033695,50,2.3247317411119155e-08,0.9999999767526833,8.310101266307693e-31
TNP_0110,12.375,78.875,301079.89815589786,1,1.0,3,0.6302794946033695,50,7.061776760216217e-26,1.0,3.3265968800018115e-60
TNP_0111,11.375,79.125,300073.306358099,2,1.0,3,0.6302794946033695,50,2.1373853260041323e-34,8.509491246164253e-20,1.0
TNP_0112,11.125,77.625,294728.81712269783,0,0.9999994373426608,3,0.6302794946033695,50,0.9999994373426608,5.626573393968371e-07,1.070339559393263e-53
TNP_0113,10.375,78.375,292314.1716660261,0,0.9999999999928484,3,0.6302794946033695,50,0.9999999999928484,7.147848286807417e-12,2.486052954397568e-15
TNP_0114,11.625,77.625,292060.09904256463,1,1.0,3,0.6302794946033695,50,4.8779458488480315e-24,1.0,2.4616107588473226e-124
TNP_0115,11.125,79.125,291553.82602107525,2,1.0,3,0.6302794946033695,50,9.349257324373244e-34,2.2368730062436823e-22,1.0
TNP_0116,10.125,79.125,291410.35054147243,2,1.0,3,0.6302794946033695,50,1.9858671157566056e-18,5.249439191446977e-27,1.0
TNP_0117,10.625,78.875,287637.03817653656,0,1.0,3,0.6302794946033695,50,1.0,1.088174812614124e-17,4.257991653847075e-21
TNP_0118,10.125,78.625,285961.020146966,0,0.9999999999989377,3,0.6302794946033695,50,0.9999999999989377,1.0565844503923323e-12,4.4643831633825665e-15
TNP_0119,9.125,77.875,284674.2646612525,0,1.0,3,0.6302794946033695,50,1.0,1.411907217261855e-20,2.3083957372768834e-83
TNP_0120,9.625,78.625,283261.0585422516,0,1.0,3,0.6302794946033695,50,1.0,4.420156670241778e-23,1.1015494145065236e-24
TNP_0121,9.875,78.375,283191.96407699585,0,0.9999999999999964,3,0.6302794946033695,50,0.9999999999999964,3.0959498510768213e-15,4.449088692552983e-28
TNP_0122,11.625,78.625,282878.4148208797,1,0.9999999999873026,3,0.6302794946033695,50,1.2697395520800038e-11,0.9999999999873026,1.1367960459328757e-45
TNP_0123,9.625,78.125,281565.6825658679,0,1.0,3,0.6302794946033695,50,1.0,4.6653636310778845e-18,2.291840568362462e-31
TNP_0124,9.125,77.625,276426.1651992798,0,0.9780765447215611,3,0.6302794946033695,50,0.9780765447215611,0.021923455278440817,1.0322633131696874e-94
TNP_0125,8.125,77.625,272677.4193781018,0,1.0,3,0.6302794946033695,50,1.0,5.202573830999163e-50,2.5850792001608954e-96
TNP_0126,11.125,78.375,267273.30917078257,0,0.9999909864102294,3,0.6302794946033695,50,0.9999909864102294,9.0135897700477e-06,3.8410897475621895e-20
TNP_0127,11.375,78.375,266237.5408079326,1,0.9995928469924201,3,0.6302794946033695,50,0.0004071530075802666,0.9995928469924201,9.427335715530624e-30
TNP_0128,10.625,77.625,263581.3604952693,0,0.9999999999999574,3,0.6302794946033695,50,0.9999999999999574,4.199150390542524e-14,6.795950221582241e-71
TNP_0129,9.875,78.625,262651.0341567993,0,1.0,3,0.6302794946033695,50,1.0,1.798614937221604e-17,5.815190072867781e-24
TNP_0130,9.625,77.625,259478.05903168023,1,0.9999935544937092,3,0.6302794946033695,50,6.445506287616904e-06,0.9999935544937092,2.4303665476276706e-111
TNP_0131,12.125,78.875,247235.19139759245,1,0.9999999992607087,3,0.6302794946033695,50,7.387313880578467e-10,0.9999999992607087,5.597788939238288e-13
TNP_0132,11.125,79.875,246425.969114542,2,1.0,3,0.6302794946033695,50,5.888408040795568e-21,1.7134804490290778e-48,1.0
TNP_0133,8.375,77.625,243750.0673230141,0,1.0,3,0.6302794946033695,50,1.0,9.464881138036455e-17,3.0772023694177636e-74
