product,manufacturer,pcm_type,Tm_melting,Tm_melting_imputed,Tm_melting_original_text,Tm_freezing,Tm_freezing_imputed,Tm_freezing_original_text,Tm_nucleation,Tm_nucleation_imputed,Tm_nucleation_original_text,latent_heat_melting,latent_heat_melting_imputed,latent_heat_melting_original_text,latent_heat_freezing,latent_heat_freezing_imputed,latent_heat_freezing_original_text,heat_storage_Wh_kg,heat_storage_Wh_kg_imputed,heat_storage_Wh_kg_original_text,density_liquid,density_liquid_imputed,density_liquid_original_text,density_solid,density_solid_imputed,density_solid_original_text,Cp_liquid,Cp_liquid_imputed,Cp_liquid_original_text,Cp_solid,Cp_solid_imputed,Cp_solid_original_text,TC_liquid,TC_liquid_imputed,TC_liquid_original_text,TC_solid,TC_solid_imputed,TC_solid_original_text,TC_both,TC_both_imputed,TC_both_original_text,volume_expansion,volume_expansion_imputed,volume_expansion_original_text,max_op_temp,max_op_temp_imputed,max_op_temp_original_text,flash_point,flash_point_imputed,flash_point_original_text,cycles_tested,cycles_tested_imputed,cycles_tested_original_text,cycles_tested_status,flammability,flammability_imputed,appearance,appearance_imputed
RT42,Rubitherm Technologies,Organic (RT-line),40.5,False,38-43,40.0,False,43-37,40.0,True,Not reported by manufacturer,165.0,False,165.0,187.0,True,Not reported by manufacturer,48.0,False,48.0,760.0,False,760.0,880.0,False,880.0,2.0,False,2.0,2.0,False,2.0,0.15,True,Not reported by manufacturer,0.207,True,Not reported by manufacturer,0.2,False,0.2,12.5,False,12.5,72.0,False,72.0,186.0,False,186,1564.0,True,Not reported by manufacturer,Estimated via MICE-RF-PMM,Yes,True,White waxy solid @25°C,True
RT44HC,Rubitherm Technologies,Organic (RT-line),42.5,False,41-44,42.5,False,44-41,42.5,True,Not reported by manufacturer,250.0,False,250.0,243.0,True,Not reported by manufacturer,70.0,False,70.0,750.0,False,750.0,800.0,False,800.0,2.0,False,2.0,2.0,False,2.0,0.174,True,Not reported by manufacturer,0.306,True,Not reported by manufacturer,0.2,False,0.2,12.5,True,Not reported by manufacturer,70.0,False,70.0,180.0,False,>180,1216.0,True,Not reported by manufacturer,Estimated via MICE-RF-PMM,No,True,White flakes at 25 °C,True
savE® OM42,Pluss Advanced Technologies,Organic,44.0,False,44,43.0,False,43,43.0,True,Not reported by manufacturer,199.0,False,199.0,190.0,False,190.0,48.0,True,Not reported by manufacturer,863.0,False,863.0,903.0,False,903.0,2.78,False,2.78,2.71,False,2.71,0.1,False,0.1,0.19,False,0.19,0.429,True,Not reported by manufacturer,12.9,True,Not reported by manufacturer,90.0,False,90.0,200.0,False,200,2000.0,False,~2000,Reported by manufacturer,Yes,False,White solid @25°C,False
RT47,Rubitherm Technologies,Organic (RT-line),44.5,False,41-48,44.5,False,48-41,44.5,True,Not reported by manufacturer,160.0,False,160.0,175.0,True,Not reported by manufacturer,46.0,False,46.0,770.0,False,770.0,880.0,False,880.0,2.0,False,2.0,2.0,False,2.0,0.15,True,Not reported by manufacturer,0.206,True,Not reported by manufacturer,0.2,False,0.2,12.0,False,12.0,65.0,False,65.0,180.0,False,>180,1665.0,True,Not reported by manufacturer,Estimated via MICE-RF-PMM,No,True,White waxy solid @25°C,True
n-Docosane (C22),Literature,Organic n-alkane,44.5,False,44.5,44.3,True,Not reported by manufacturer,44.3,True,Not reported by manufacturer,249.0,False,249.0,245.0,True,Not reported by manufacturer,67.0,True,Not reported by manufacturer,880.0,False,880.0,880.0,False,880.0,2.06,True,Not reported by manufacturer,2.0,True,Not reported by manufacturer,0.173,True,Not reported by manufacturer,0.307,True,Not reported by manufacturer,0.2,False,0.2,12.5,True,Not reported by manufacturer,80.0,True,Not reported by manufacturer,170.0,True,Not reported by manufacturer,1440.0,True,Not reported by manufacturer,Estimated via MICE-RF-PMM,No,True,White flakes at 25 °C,True
Lauric acid (C12),Literature,Organic fatty acid,44.8,False,43.6-46.0,44.8,True,Not reported by manufacturer,44.8,True,Not reported by manufacturer,184.0,False,184.4,196.0,True,Not reported by manufacturer,48.0,True,Not reported by manufacturer,870.0,False,870.0,960.0,True,Not reported by manufacturer,1.6,False,1.6,2.0,True,Not reported by manufacturer,0.147,False,0.147,0.181,True,Not reported by manufacturer,0.2,True,Not reported by manufacturer,12.5,True,Not reported by manufacturer,83.0,True,Not reported by manufacturer,202.0,True,Not reported by manufacturer,2000.0,True,Not reported by manufacturer,Estimated via MICE-RF-PMM,Yes,True,White waxy solid @25°C,True
RT45HC,Rubitherm Technologies,Organic (RT-line),45.0,False,43-47,45.0,False,47-43,45.0,True,Not reported by manufacturer,240.0,False,240.0,240.0,True,Not reported by manufacturer,64.0,False,64.0,770.0,False,770.0,880.0,False,880.0,2.0,False,2.0,2.0,False,2.0,0.174,True,Not reported by manufacturer,0.306,True,Not reported by manufacturer,0.2,False,0.2,12.5,False,12.5,75.0,False,75.0,155.0,False,155,1216.0,True,Not reported by manufacturer,Estimated via MICE-RF-PMM,No,True,White flakes at 25 °C,True
savE® OM46,Pluss Advanced Technologies,Organic,47.0,False,47,45.0,False,45,45.0,False,45.0,177.0,False,177.0,182.0,False,182.0,48.0,True,Not reported by manufacturer,880.0,False,880.0,917.0,False,917.0,2.7,False,2.7,2.5,False,2.5,0.1,False,0.1,0.2,False,0.2,0.35,True,Not reported by manufacturer,13.1,True,Not reported by manufacturer,90.0,False,90.0,206.0,True,Not reported by manufacturer,2000.0,False,~2000,Reported by manufacturer,No,False,White waxy solid @25°C,False
n-Tricosane (C23),Literature,Organic n-alkane,47.5,False,47.5,44.9,True,Not reported by manufacturer,44.9,True,Not reported by manufacturer,232.0,False,232.0,241.0,True,Not reported by manufacturer,64.0,True,Not reported by manufacturer,780.0,True,Not reported by manufacturer,797.0,True,Not reported by manufacturer,2.39,True,Not reported by manufacturer,2.06,True,Not reported by manufacturer,0.171,True,Not reported by manufacturer,0.307,True,Not reported by manufacturer,0.209,True,Not reported by manufacturer,12.5,True,Not reported by manufacturer,90.0,True,Not reported by manufacturer,170.0,True,Not reported by manufacturer,1216.0,True,Not reported by manufacturer,Estimated via MICE-RF-PMM,No,True,White flakes at 25 °C,True
RT50,Rubitherm Technologies,Organic (RT-line),48.0,False,45-51,48.5,False,51-46,48.5,True,Not reported by manufacturer,160.0,False,160.0,174.0,True,Not reported by manufacturer,46.0,False,46.0,770.0,False,770.0,880.0,False,880.0,2.0,False,2.0,2.0,False,2.0,0.146,True,Not reported by manufacturer,0.208,True,Not reported by manufacturer,0.2,False,0.2,12.5,False,12.5,70.0,False,70.0,200.0,False,>200,1675.0,True,Not reported by manufacturer,Estimated via MICE-RF-PMM,Yes,True,White waxy solid @25°C,True
Paraffin/Expanded graphite (85.56% paraffin),Literature,Organic/composite blend,48.8,False,48.79,46.6,True,Not reported by manufacturer,46.6,True,Not reported by manufacturer,161.0,False,161.45,175.0,True,Not reported by manufacturer,46.0,True,Not reported by manufacturer,869.0,True,Not reported by manufacturer,937.0,True,Not reported by manufacturer,2.01,True,Not reported by manufacturer,2.0,True,Not reported by manufacturer,0.139,True,Not reported by manufacturer,0.193,True,Not reported by manufacturer,0.2,True,Not reported by manufacturer,12.5,True,Not reported by manufacturer,90.0,True,Not reported by manufacturer,200.0,True,Not reported by manufacturer,2000.0,True,Not reported by manufacturer,Estimated via MICE-RF-PMM,Yes,True,White waxy solid @25°C,True
savE® OM49,Pluss Advanced Technologies,Organic,49.0,False,49,45.5,False,48 and 43,45.5,True,Not reported by manufacturer,224.0,False,224.0,230.0,False,230.0,64.0,True,Not reported by manufacturer,780.0,False,780.0,816.0,False,816.0,2.4,False,2.4,2.1,False,2.1,0.27,False,0.27,0.33,False,0.33,0.208,True,Not reported by manufacturer,12.5,True,Not reported by manufacturer,100.0,False,100.0,170.0,True,Not reported by manufacturer,1200.0,False,1200,Reported by manufacturer,No,False,White flakes at 25 °C,False
Paraffin/HDPE PCM3,Literature,Organic blend,49.9,False,49.9,50.0,True,Not reported by manufacturer,50.0,True,Not reported by manufacturer,187.0,True,Not reported by manufacturer,201.0,True,Not reported by manufacturer,48.0,True,Not reported by manufacturer,851.0,True,Not reported by manufacturer,952.0,True,Not reported by manufacturer,2.19,True,Not reported by manufacturer,2.02,True,Not reported by manufacturer,0.143,True,Not reported by manufacturer,0.205,True,Not reported by manufacturer,0.206,True,Not reported by manufacturer,13.0,True,Not reported by manufacturer,90.0,True,Not reported by manufacturer,200.0,True,Not reported by manufacturer,2000.0,True,Not reported by manufacturer,Estimated via MICE-RF-PMM,Yes,True,White waxy solid @25°C,True
PlusICE A50,PCM Products Ltd.,Organic PCM,50.0,False,50.0,48.9,True,Not reported by manufacturer,48.9,True,Not reported by manufacturer,190.0,False,190.0,202.0,True,Not reported by manufacturer,56.0,True,Not reported by manufacturer,810.0,False,810.0,810.0,False,810.0,2.15,False,2.15,2.15,False,2.15,0.18,False,0.18,0.18,False,0.18,0.205,True,Not reported by manufacturer,12.5,True,Not reported by manufacturer,87.0,True,Not reported by manufacturer,191.0,True,Not reported by manufacturer,1526.0,True,Not reported by manufacturer,Estimated via MICE-RF-PMM,Yes,True,White waxy solid @25°C,True
savE® OM50,Pluss Advanced Technologies,Organic,50.0,False,50,50.0,False,50,50.0,True,Not reported by manufacturer,189.0,False,189.0,204.0,False,204.0,48.0,True,Not reported by manufacturer,859.0,False,859.0,961.0,False,961.0,2.78,False,2.78,3.33,False,3.33,0.14,False,0.14,0.21,False,0.21,0.336,True,Not reported by manufacturer,13.0,True,Not reported by manufacturer,90.0,False,90.0,200.0,False,200,2000.0,False,~2000,Reported by manufacturer,Yes,False,White color waxy solid @25°C,False
Paraffin/HDPE PCM6,Literature,Organic blend,50.3,False,50.3,49.3,True,Not reported by manufacturer,49.3,True,Not reported by manufacturer,187.0,True,Not reported by manufacturer,201.0,True,Not reported by manufacturer,48.0,True,Not reported by manufacturer,851.0,True,Not reported by manufacturer,953.0,True,Not reported by manufacturer,2.19,True,Not reported by manufacturer,2.02,True,Not reported by manufacturer,0.143,True,Not reported by manufacturer,0.206,True,Not reported by manufacturer,0.206,True,Not reported by manufacturer,13.0,True,Not reported by manufacturer,90.0,True,Not reported by manufacturer,200.0,True,Not reported by manufacturer,2000.0,True,Not reported by manufacturer,Estimated via MICE-RF-PMM,Yes,True,White waxy solid @25°C,True
Paraffin/HDPE PCM2,Literature,Organic blend,50.6,False,50.6,49.2,True,Not reported by manufacturer,49.2,True,Not reported by manufacturer,187.0,True,Not reported by manufacturer,201.0,True,Not reported by manufacturer,48.0,True,Not reported by manufacturer,846.0,True,Not reported by manufacturer,954.0,True,Not reported by manufacturer,2.06,True,Not reported by manufacturer,2.02,True,Not reported by manufacturer,0.146,True,Not reported by manufacturer,0.208,True,Not reported by manufacturer,0.205,True,Not reported by manufacturer,13.0,True,Not reported by manufacturer,90.0,True,Not reported by manufacturer,200.0,True,Not reported by manufacturer,2000.0,True,Not reported by manufacturer,Estimated via MICE-RF-PMM,Yes,True,White waxy solid @25°C,True
savE® OM48,Pluss Advanced Technologies,Organic,51.0,False,51,48.0,False,48,48.0,True,Not reported by manufacturer,165.0,False,165.0,172.0,False,172.0,46.0,True,Not reported by manufacturer,875.0,False,875.0,960.0,False,960.0,2.35,False,2.35,2.02,False,2.02,0.1,False,0.1,0.2,False,0.2,0.208,True,Not reported by manufacturer,12.7,True,Not reported by manufacturer,90.0,False,90.0,200.0,False,200,2000.0,False,~2000,Reported by manufacturer,Yes,False,White waxy solid @25°C,False
PlusICE A52,PCM Products Ltd.,Organic PCM,52.0,False,52.0,49.2,True,Not reported by manufacturer,49.2,True,Not reported by manufacturer,220.0,False,220.0,222.0,True,Not reported by manufacturer,64.0,True,Not reported by manufacturer,810.0,False,810.0,810.0,False,810.0,2.15,False,2.15,2.15,False,2.15,0.18,False,0.18,0.18,False,0.18,0.205,True,Not reported by manufacturer,12.5,True,Not reported by manufacturer,85.0,True,Not reported by manufacturer,190.0,True,Not reported by manufacturer,1447.0,True,Not reported by manufacturer,Estimated via MICE-RF-PMM,Yes,True,White flakes at 25 °C,True
n-Tetracosane (C24),Literature,Organic n-alkane,52.0,False,52,49.3,False,49.3,49.3,True,Not reported by manufacturer,255.0,False,255.0,255.0,False,254.9,67.0,True,Not reported by manufacturer,799.0,False,799.0,799.0,False,799.0,2.39,True,Not reported by manufacturer,2.0,True,Not reported by manufacturer,0.173,True,Not reported by manufacturer,0.306,True,Not reported by manufacturer,0.209,True,Not reported by manufacturer,12.5,True,Not reported by manufacturer,88.0,True,Not reported by manufacturer,170.0,True,Not reported by manufacturer,1368.0,True,Not reported by manufacturer,Estimated via MICE-RF-PMM,Yes,True,White flakes at 25 °C,True
Paraffin/Expanded graphite (92% paraffin),Literature,Organic/composite blend,52.2,False,52.2,49.2,True,Not reported by manufacturer,49.2,True,Not reported by manufacturer,170.0,False,170.3,167.0,True,Not reported by manufacturer,48.0,True,Not reported by manufacturer,791.0,True,Not reported by manufacturer,871.0,True,Not reported by manufacturer,2.77,True,Not reported by manufacturer,3.2,True,Not reported by manufacturer,0.129,True,Not reported by manufacturer,0.185,True,Not reported by manufacturer,0.458,True,Not reported by manufacturer,13.4,True,Not reported by manufacturer,89.0,True,Not reported by manufacturer,200.0,True,Not reported by manufacturer,2000.0,True,Not reported by manufacturer,Estimated via MICE-RF-PMM,Yes,True,White waxy solid @25°C,True
Myristic acid (C14),Literature,Organic fatty acid,53.0,False,52-54,51.2,True,Not reported by manufacturer,51.2,True,Not reported by manufacturer,199.0,False,199.0,202.0,True,Not reported by manufacturer,55.0,True,Not reported by manufacturer,861.0,False,861.0,990.0,False,990.0,2.04,False,2.04,1.7,False,1.7,0.25,False,0.25,0.216,True,Not reported by manufacturer,0.2,True,Not reported by manufacturer,12.5,True,Not reported by manufacturer,98.0,True,Not reported by manufacturer,199.0,True,Not reported by manufacturer,1686.0,True,Not reported by manufacturer,Estimated via MICE-RF-PMM,Yes,True,White color waxy solid @25°C,True
PureTemp 53,PureTemp,Organic bio-based PCM,53.0,False,53.0,51.1,True,Not reported by manufacturer,51.1,True,Not reported by manufacturer,225.0,False,225.0,202.0,True,Not reported by manufacturer,52.0,True,Not reported by manufacturer,840.0,False,840.0,920.0,False,920.0,2.6,False,2.6,2.36,False,2.36,0.15,False,0.15,0.25,False,0.25,0.301,True,Not reported by manufacturer,12.5,True,Not reported by manufacturer,90.0,True,Not reported by manufacturer,199.0,True,Not reported by manufacturer,1686.0,True,Not reported by manufacturer,Estimated via MICE-RF-PMM,Yes,True,White color waxy solid @25°C,True
RT54HC,Rubitherm Technologies,Organic (RT-line),53.5,False,53-54,53.5,False,54-53,53.5,True,Not reported by manufacturer,200.0,False,200.0,203.0,True,Not reported by manufacturer,56.0,False,56.0,800.0,False,800.0,850.0,False,850.0,2.0,False,2.0,2.0,False,2.0,0.172,True,Not reported by manufacturer,0.199,True,Not reported by manufacturer,0.2,False,0.2,12.5,True,Not reported by manufacturer,85.0,False,85.0,190.0,True,Not reported by manufacturer,1474.0,True,Not reported by manufacturer,Estimated via MICE-RF-PMM,Yes,True,White flakes at 25 °C,True
RT55,Rubitherm Technologies,Organic (RT-line),54.0,False,51-57,56.5,False,57-56,56.5,True,Not reported by manufacturer,170.0,False,170.0,183.0,True,Not reported by manufacturer,48.0,False,48.0,770.0,False,770.0,880.0,False,880.0,2.0,False,2.0,2.0,False,2.0,0.147,True,Not reported by manufacturer,0.197,True,Not reported by manufacturer,0.2,False,0.2,14.0,False,14.0,90.0,False,90.0,200.0,False,>200,2000.0,True,Not reported by manufacturer,Estimated via MICE-RF-PMM,Yes,True,White waxy solid @25°C,True
n-Pentacosane (C25),Literature,Organic n-alkane,54.0,False,54,50.6,True,Not reported by manufacturer,50.6,True,Not reported by manufacturer,238.0,False,238.0,250.0,True,Not reported by manufacturer,64.0,True,Not reported by manufacturer,801.0,False,801.0,801.0,False,801.0,2.39,True,Not reported by manufacturer,2.05,True,Not reported by manufacturer,0.173,True,Not reported by manufacturer,0.305,True,Not reported by manufacturer,0.209,True,Not reported by manufacturer,12.5,True,Not reported by manufacturer,88.0,True,Not reported by manufacturer,170.0,True,Not reported by manufacturer,1404.0,True,Not reported by manufacturer,Estimated via MICE-RF-PMM,Yes,True,White flakes at 25 °C,True
Myristic acid/NBR-1.0,Literature,Organic/polymer blend,54.1,False,54.14,49.2,False,49.25,49.2,True,Not reported by manufacturer,128.0,False,127.51,125.0,False,124.75,46.0,True,Not reported by manufacturer,778.0,True,Not reported by manufacturer,860.0,True,Not reported by manufacturer,2.77,True,Not reported by manufacturer,2.89,True,Not reported by manufacturer,0.138,True,Not reported by manufacturer,0.171,True,Not reported by manufacturer,0.462,True,Not reported by manufacturer,12.9,True,Not reported by manufacturer,87.0,True,Not reported by manufacturer,200.0,True,Not reported by manufacturer,2000.0,True,Not reported by manufacturer,Estimated via MICE-RF-PMM,Yes,True,White solid @25 °C,True
Myristic acid/NBR-0.5,Literature,Organic/polymer blend,54.6,False,54.6,50.5,False,50.51,50.5,True,Not reported by manufacturer,142.0,False,142.3,139.0,False,139.47,46.0,True,Not reported by manufacturer,778.0,True,Not reported by manufacturer,865.0,True,Not reported by manufacturer,2.77,True,Not reported by manufacturer,2.93,True,Not reported by manufacturer,0.138,True,Not reported by manufacturer,0.176,True,Not reported by manufacturer,0.462,True,Not reported by manufacturer,12.9,True,Not reported by manufacturer,89.0,True,Not reported by manufacturer,200.0,True,Not reported by manufacturer,2000.0,True,Not reported by manufacturer,Estimated via MICE-RF-PMM,Yes,True,White waxy solid @25°C,True
savE® OM55,Pluss Advanced Technologies,Organic,55.0,False,55,54.0,False,54,54.0,True,Not reported by manufacturer,188.0,False,188.0,194.0,False,194.0,48.0,True,Not reported by manufacturer,841.0,False,841.0,935.0,False,935.0,2.76,False,2.76,2.68,False,2.68,0.1,False,0.1,0.16,False,0.16,0.429,True,Not reported by manufacturer,13.9,True,Not reported by manufacturer,90.0,False,90.0,200.0,False,200,2000.0,False,~2000,Reported by manufacturer,Yes,False,White solid @25 °C,False
Palmitic-stearic acid/Expanded graphite,Literature,Organic/eutectic composite,55.2,False,55.18,54.9,False,54.91,54.9,True,Not reported by manufacturer,176.0,False,176.2,176.0,False,175.6,48.0,True,Not reported by manufacturer,777.0,True,Not reported by manufacturer,856.0,True,Not reported by manufacturer,2.83,True,Not reported by manufacturer,3.24,True,Not reported by manufacturer,0.139,True,Not reported by manufacturer,0.181,True,Not reported by manufacturer,0.452,True,Not reported by manufacturer,13.8,True,Not reported by manufacturer,90.0,True,Not reported by manufacturer,200.0,True,Not reported by manufacturer,2000.0,True,Not reported by manufacturer,Estimated via MICE-RF-PMM,Yes,True,White solid @25 °C,True
RT57HC,Rubitherm Technologies,Organic (RT-line),56.5,False,55-58,56.5,False,58-55,56.5,True,Not reported by manufacturer,240.0,False,240.0,250.0,True,Not reported by manufacturer,67.0,False,67.0,800.0,False,800.0,900.0,False,900.0,2.0,False,2.0,2.0,False,2.0,0.174,True,Not reported by manufacturer,0.304,True,Not reported by manufacturer,0.2,False,0.2,12.5,True,Not reported by manufacturer,90.0,False,90.0,170.0,False,170,1404.0,True,Not reported by manufacturer,Estimated via MICE-RF-PMM,Yes,True,White flakes at 25 °C,True
n-Hexacosane (C26),Literature,Organic n-alkane,56.5,False,56.5,56.2,True,Not reported by manufacturer,56.2,True,Not reported by manufacturer,256.0,False,256.0,233.0,True,Not reported by manufacturer,71.0,True,Not reported by manufacturer,770.0,False,770.0,770.0,False,770.0,2.38,True,Not reported by manufacturer,2.2,True,Not reported by manufacturer,0.177,True,Not reported by manufacturer,0.299,True,Not reported by manufacturer,0.21,False,0.21,12.5,True,Not reported by manufacturer,86.0,True,Not reported by manufacturer,192.0,True,Not reported by manufacturer,1404.0,True,Not reported by manufacturer,Estimated via MICE-RF-PMM,Yes,True,White flakes at 25 °C,True
PlusICE A58,PCM Products Ltd.,Organic PCM,58.0,False,58.0,58.2,True,Not reported by manufacturer,58.2,True,Not reported by manufacturer,215.0,False,215.0,232.0,True,Not reported by manufacturer,64.0,True,Not reported by manufacturer,910.0,False,910.0,910.0,False,910.0,2.22,False,2.22,2.22,False,2.22,0.22,False,0.22,0.22,False,0.22,0.203,True,Not reported by manufacturer,12.5,True,Not reported by manufacturer,98.0,True,Not reported by manufacturer,193.0,True,Not reported by manufacturer,1581.0,True,Not reported by manufacturer,Estimated via MICE-RF-PMM,Yes,True,White flakes at 25 °C,True
PureTemp 58,PureTemp,Organic bio-based PCM,58.0,False,58.0,58.1,True,Not reported by manufacturer,58.1,True,Not reported by manufacturer,225.0,False,225.0,210.0,True,Not reported by manufacturer,54.0,True,Not reported by manufacturer,810.0,False,810.0,890.0,False,890.0,2.71,False,2.71,2.47,False,2.47,0.15,False,0.15,0.25,False,0.25,0.21,True,Not reported by manufacturer,12.5,True,Not reported by manufacturer,90.0,True,Not reported by manufacturer,193.0,True,Not reported by manufacturer,1620.0,True,Not reported by manufacturer,Estimated via MICE-RF-PMM,Yes,True,White color waxy solid @25°C,True
RT60,Rubitherm Technologies,Organic (RT-line),58.0,False,55-61,58.0,False,61-55,58.0,True,Not reported by manufacturer,160.0,False,160.0,175.0,True,Not reported by manufacturer,46.0,False,46.0,770.0,False,770.0,880.0,False,880.0,2.0,False,2.0,2.0,False,2.0,0.147,True,Not reported by manufacturer,0.192,True,Not reported by manufacturer,0.2,False,0.2,12.5,False,12.5,80.0,False,80.0,200.0,False,>200,2000.0,True,Not reported by manufacturer,Estimated via MICE-RF-PMM,Yes,True,White waxy solid @25°C,True
n-Heptacosane (C27),Literature,Organic n-alkane,59.0,False,59,59.7,True,Not reported by manufacturer,59.7,True,Not reported by manufacturer,236.0,False,236.0,241.0,True,Not reported by manufacturer,67.0,True,Not reported by manufacturer,773.0,False,773.0,773.0,False,773.0,2.38,True,Not reported by manufacturer,2.2,True,Not reported by manufacturer,0.18,True,Not reported by manufacturer,0.303,True,Not reported by manufacturer,0.21,False,0.21,12.5,True,Not reported by manufacturer,90.0,True,Not reported by manufacturer,195.0,True,Not reported by manufacturer,1404.0,True,Not reported by manufacturer,Estimated via MICE-RF-PMM,Yes,True,White flakes at 25 °C,True
CrodaTherm 60,CrodaTherm,Organic PCM,59.8,False,59.8,61.5,True,Not reported by manufacturer,61.5,True,Not reported by manufacturer,217.0,False,217.0,242.0,True,Not reported by manufacturer,64.0,True,Not reported by manufacturer,824.0,False,824.0,922.0,False,922.0,2.3,False,2.3,1.4,False,1.4,0.17,False,0.17,0.29,False,0.29,0.2,True,Not reported by manufacturer,12.5,True,Not reported by manufacturer,90.0,True,Not reported by manufacturer,193.0,True,Not reported by manufacturer,1533.0,True,Not reported by manufacturer,Estimated via MICE-RF-PMM,Yes,True,White flakes at 25 °C,True
Palmitic acid/Expanded graphite (80/20),Literature,Organic/composite blend,60.9,False,60.88,60.8,False,60.81,60.8,True,Not reported by manufacturer,148.0,False,148.36,150.0,False,149.66,46.0,True,Not reported by manufacturer,778.0,True,Not reported by manufacturer,860.0,True,Not reported by manufacturer,2.78,True,Not reported by manufacturer,2.94,True,Not reported by manufacturer,0.138,True,Not reported by manufacturer,0.191,True,Not reported by manufacturer,0.6,False,0.6,13.0,True,Not reported by manufacturer,89.0,True,Not reported by manufacturer,200.0,True,Not reported by manufacturer,2000.0,True,Not reported by manufacturer,Estimated via MICE-RF-PMM,Yes,True,White waxy solid @25°C,True
PureTemp 60,PureTemp,Organic bio-based PCM,61.0,False,61.0,61.5,True,Not reported by manufacturer,61.5,True,Not reported by manufacturer,220.0,False,220.0,202.0,True,Not reported by manufacturer,52.0,True,Not reported by manufacturer,870.0,False,870.0,960.0,False,960.0,2.38,False,2.38,2.04,False,2.04,0.15,False,0.15,0.25,False,0.25,0.208,True,Not reported by manufacturer,12.8,True,Not reported by manufacturer,90.0,True,Not reported by manufacturer,202.0,True,Not reported by manufacturer,1695.0,True,Not reported by manufacturer,Estimated via MICE-RF-PMM,Yes,True,White waxy solid @25°C,True
RT65,Rubitherm Technologies,Organic (RT-line),61.5,False,58-65,61.5,False,65-58,61.5,True,Not reported by manufacturer,150.0,False,150.0,168.0,True,Not reported by manufacturer,42.0,False,42.0,780.0,False,780.0,880.0,False,880.0,2.0,False,2.0,2.0,False,2.0,0.147,True,Not reported by manufacturer,0.183,True,Not reported by manufacturer,0.2,False,0.2,12.5,True,Not reported by manufacturer,85.0,False,85.0,200.0,False,>200,2000.0,True,Not reported by manufacturer,Estimated via MICE-RF-PMM,Yes,True,White waxy solid @25°C,True
n-Octacosane (C28),Literature,Organic n-alkane,61.6,False,61.6,62.3,True,Not reported by manufacturer,62.3,True,Not reported by manufacturer,253.0,False,253.0,244.0,True,Not reported by manufacturer,68.0,True,Not reported by manufacturer,910.0,False,910.0,910.0,False,910.0,2.38,True,Not reported by manufacturer,2.05,True,Not reported by manufacturer,0.226,True,Not reported by manufacturer,0.307,True,Not reported by manufacturer,0.209,True,Not reported by manufacturer,12.5,True,Not reported by manufacturer,98.0,True,Not reported by manufacturer,170.0,True,Not reported by manufacturer,1581.0,True,Not reported by manufacturer,Estimated via MICE-RF-PMM,No,True,White flakes at 25 °C,True
PlusICE A62,PCM Products Ltd.,Organic PCM,62.0,False,62.0,62.0,True,Not reported by manufacturer,62.0,True,Not reported by manufacturer,205.0,False,205.0,224.0,True,Not reported by manufacturer,60.0,True,Not reported by manufacturer,910.0,False,910.0,910.0,False,910.0,2.2,False,2.2,2.2,False,2.2,0.22,False,0.22,0.22,False,0.22,0.2,True,Not reported by manufacturer,12.5,True,Not reported by manufacturer,98.0,True,Not reported by manufacturer,192.0,True,Not reported by manufacturer,1581.0,True,Not reported by manufacturer,Estimated via MICE-RF-PMM,Yes,True,White flakes at 25 °C,True
RT62HC,Rubitherm Technologies,Organic (RT-line),62.5,False,62-63,62.0,False,62,62.0,True,Not reported by manufacturer,230.0,False,230.0,249.0,True,Not reported by manufacturer,64.0,False,64.0,840.0,False,840.0,850.0,False,850.0,2.0,False,2.0,2.0,False,2.0,0.173,True,Not reported by manufacturer,0.304,True,Not reported by manufacturer,0.2,False,0.2,12.5,True,Not reported by manufacturer,90.0,False,90.0,173.0,True,Not reported by manufacturer,1404.0,True,Not reported by manufacturer,Estimated via MICE-RF-PMM,Yes,True,White flakes at 25 °C,True
Palmitic acid (C16),Literature,Organic fatty acid,62.6,False,61.3-64,62.1,True,Not reported by manufacturer,62.1,True,Not reported by manufacturer,198.0,False,198.0,203.0,True,Not reported by manufacturer,51.0,True,Not reported by manufacturer,860.0,True,Not reported by manufacturer,989.0,False,989.0,2.15,True,Not reported by manufacturer,2.0,True,Not reported by manufacturer,0.162,False,0.162,0.214,True,Not reported by manufacturer,0.204,True,Not reported by manufacturer,12.8,True,Not reported by manufacturer,90.0,True,Not reported by manufacturer,202.0,True,Not reported by manufacturer,1695.0,True,Not reported by manufacturer,Estimated via MICE-RF-PMM,Yes,True,White color waxy solid @25°C,True
PureTemp 63,PureTemp,Organic bio-based PCM,63.0,False,63.0,62.0,True,Not reported by manufacturer,62.0,True,Not reported by manufacturer,206.0,False,206.0,202.0,True,Not reported by manufacturer,52.0,True,Not reported by manufacturer,840.0,False,840.0,920.0,False,920.0,2.16,False,2.16,1.99,False,1.99,0.15,False,0.15,0.25,False,0.25,0.2,True,Not reported by manufacturer,12.5,True,Not reported by manufacturer,90.0,True,Not reported by manufacturer,198.0,True,Not reported by manufacturer,1510.0,True,Not reported by manufacturer,Estimated via MICE-RF-PMM,Yes,True,White color waxy solid @25°C,True
RT64HC,Rubitherm Technologies,Organic (RT-line),64.0,False,63-65,62.5,False,64-61,62.5,True,Not reported by manufacturer,250.0,False,250.0,239.0,True,Not reported by manufacturer,70.0,False,70.0,780.0,False,780.0,880.0,False,880.0,2.0,False,2.0,2.0,False,2.0,0.263,True,Not reported by manufacturer,0.303,True,Not reported by manufacturer,0.2,False,0.2,12.5,True,Not reported by manufacturer,95.0,False,95.0,190.0,False,>190,1404.0,True,Not reported by manufacturer,Estimated via MICE-RF-PMM,Yes,True,White flakes at 25 °C,True
n-Nonacosane (C29),Literature,Organic n-alkane,64.0,False,64,62.3,True,Not reported by manufacturer,62.3,True,Not reported by manufacturer,240.0,False,240.0,244.0,True,Not reported by manufacturer,68.0,True,Not reported by manufacturer,790.0,False,790.0,790.0,False,790.0,2.13,True,Not reported by manufacturer,1.99,True,Not reported by manufacturer,0.257,True,Not reported by manufacturer,0.303,True,Not reported by manufacturer,0.17,False,0.17,12.5,True,Not reported by manufacturer,98.0,True,Not reported by manufacturer,190.0,True,Not reported by manufacturer,1404.0,True,Not reported by manufacturer,Estimated via MICE-RF-PMM,Yes,True,White flakes at 25 °C,True
n-Triacontane (C30),Literature,Organic n-alkane,65.4,False,65.4,63.1,True,Not reported by manufacturer,63.1,True,Not reported by manufacturer,251.0,False,251.0,244.0,True,Not reported by manufacturer,68.0,True,Not reported by manufacturer,940.0,True,Not reported by manufacturer,910.0,True,Not reported by manufacturer,2.38,True,Not reported by manufacturer,2.08,True,Not reported by manufacturer,0.23,False,0.23,0.308,True,Not reported by manufacturer,0.21,True,Not reported by manufacturer,12.5,True,Not reported by manufacturer,98.0,True,Not reported by manufacturer,174.0,True,Not reported by manufacturer,1581.0,True,Not reported by manufacturer,Estimated via MICE-RF-PMM,No,True,White flakes at 25 °C,True
savE® OM65,Pluss Advanced Technologies,Organic,67.0,False,67,66.0,False,66,66.0,True,Not reported by manufacturer,188.0,False,188.0,196.0,False,196.0,48.0,True,Not reported by manufacturer,847.0,False,847.0,924.0,False,924.0,3.32,False,3.32,3.48,False,3.48,0.13,False,0.13,0.19,False,0.19,0.429,True,Not reported by manufacturer,13.8,True,Not reported by manufacturer,90.0,False,90.0,200.0,False,200,2000.0,False,~2000,Reported by manufacturer,Yes,False,White waxy Solid @25 °C,False
Stearic acid (C18),Literature,Organic fatty acid,67.9,False,66.8-69,68.2,True,Not reported by manufacturer,68.2,True,Not reported by manufacturer,259.0,False,259.0,230.0,True,Not reported by manufacturer,64.0,True,Not reported by manufacturer,941.0,False,941.0,965.0,False,965.0,2.35,False,2.35,2.0,True,Not reported by manufacturer,0.172,False,0.172,0.25,True,Not reported by manufacturer,0.208,True,Not reported by manufacturer,12.7,True,Not reported by manufacturer,90.0,True,Not reported by manufacturer,200.0,True,Not reported by manufacturer,1695.0,True,Not reported by manufacturer,Estimated via MICE-RF-PMM,Yes,True,White waxy solid @25°C,True
PureTemp 68,PureTemp,Organic commercial PCM,68.0,False,68,67.3,True,Not reported by manufacturer,67.3,True,Not reported by manufacturer,213.0,False,213.0,244.0,True,Not reported by manufacturer,64.0,True,Not reported by manufacturer,797.0,True,Not reported by manufacturer,811.0,True,Not reported by manufacturer,2.39,True,Not reported by manufacturer,2.07,True,Not reported by manufacturer,0.251,True,Not reported by manufacturer,0.3,True,Not reported by manufacturer,0.207,True,Not reported by manufacturer,12.5,True,Not reported by manufacturer,98.0,True,Not reported by manufacturer,209.0,True,Not reported by manufacturer,1404.0,True,Not reported by manufacturer,Estimated via MICE-RF-PMM,No,True,White flakes at 25 °C,True
n-Hentriacontane (C31),Literature,Organic n-alkane,68.0,False,68,68.2,True,Not reported by manufacturer,68.2,True,Not reported by manufacturer,242.0,False,242.0,230.0,True,Not reported by manufacturer,64.0,True,Not reported by manufacturer,930.0,False,930.0,930.0,False,930.0,2.32,True,Not reported by manufacturer,2.0,True,Not reported by manufacturer,0.177,True,Not reported by manufacturer,0.25,True,Not reported by manufacturer,0.208,True,Not reported by manufacturer,12.7,True,Not reported by manufacturer,90.0,True,Not reported by manufacturer,200.0,True,Not reported by manufacturer,1695.0,True,Not reported by manufacturer,Estimated via MICE-RF-PMM,Yes,True,White waxy solid @25°C,True
RT69HC,Rubitherm Technologies,Organic (RT-line),69.0,False,68-70,68.0,False,69-67,68.0,True,Not reported by manufacturer,230.0,False,230.0,247.0,True,Not reported by manufacturer,64.0,False,64.0,840.0,False,840.0,940.0,False,940.0,2.0,False,2.0,2.0,False,2.0,0.259,True,Not reported by manufacturer,0.304,True,Not reported by manufacturer,0.2,False,0.2,12.5,True,Not reported by manufacturer,100.0,False,100.0,181.0,True,Not reported by manufacturer,1551.0,True,Not reported by manufacturer,Estimated via MICE-RF-PMM,Yes,True,White flakes at 25 °C,True
n-Dotriacontane (C32),Literature,Organic n-alkane,69.5,False,69.5,67.9,True,Not reported by manufacturer,67.9,True,Not reported by manufacturer,170.0,False,170.0,165.0,True,Not reported by manufacturer,47.0,True,Not reported by manufacturer,777.0,True,Not reported by manufacturer,848.0,True,Not reported by manufacturer,2.81,True,Not reported by manufacturer,3.23,True,Not reported by manufacturer,0.139,True,Not reported by manufacturer,0.191,True,Not reported by manufacturer,0.508,True,Not reported by manufacturer,13.5,True,Not reported by manufacturer,90.0,True,Not reported by manufacturer,200.0,True,Not reported by manufacturer,2000.0,True,Not reported by manufacturer,Estimated via MICE-RF-PMM,Yes,True,White waxy Solid @25 °C,True
RT70HC,Rubitherm Technologies,Organic (RT-line),70.0,False,69-71,70.0,False,71-69,70.0,True,Not reported by manufacturer,260.0,False,260.0,239.0,True,Not reported by manufacturer,72.0,False,72.0,770.0,False,770.0,880.0,False,880.0,2.0,False,2.0,2.0,False,2.0,0.177,True,Not reported by manufacturer,0.303,True,Not reported by manufacturer,0.2,False,0.2,12.5,False,12.5,90.0,False,90.0,225.0,False,225,1404.0,True,Not reported by manufacturer,Estimated via MICE-RF-PMM,Yes,True,White flakes at 25 °C,True
