Product,Manufacturer,Type,Appearance,Melting Temperature (°C),Freezing/Congealing Temperature (°C),Nucleation Temperature (°C),Latent Heat - Melting (kJ/kg),Latent Heat - Freezing (kJ/kg),Heat Storage Capacity (Wh/kg),Density - Liquid (kg/m³),Density - Solid (kg/m³),Specific Heat - Liquid (kJ/kgK),Specific Heat - Solid (kJ/kgK),Thermal Conductivity - Liquid (W/mK),Thermal Conductivity - Solid (W/mK),Thermal Conductivity - Both Phases (W/mK),Volume Expansion (%),Max Operating Temperature (°C),Flammability,Flash Point (°C),Number of Cycles Tested
RT42,Rubitherm Technologies,Organic (RT-line),,38-43,43-37,,165.0,,48.0,760,880,2,2,,,0.2,12.5,72.0,,186,
RT44HC,Rubitherm Technologies,Organic (RT-line),,41-44,44-41,,250.0,,70.0,750,800,2,2,,,0.2,,70.0,,>180,
savE® OM42,Pluss Advanced Technologies,Organic,White solid @25°C,44,43,,199.0,190.0,,863,903,2.78,2.71,0.1,0.19,,,90.0,Yes,200,~2000
RT47,Rubitherm Technologies,Organic (RT-line),,41-48,48-41,,160.0,,46.0,770,880,2,2,,,0.2,12,65.0,,>180,
n-Docosane (C22),Literature,Organic n-alkane,,44.5,,,249.0,,,880,880,,,,,0.2,,,,,
Lauric acid (C12),Literature,Organic fatty acid,,43.6-46.0,,,184.4,,,870,,1.6,,0.147,,,,,,,
RT45HC,Rubitherm Technologies,Organic (RT-line),,43-47,47-43,,240.0,,64.0,770,880,2,2,,,0.2,12.5,75.0,,155,
savE® OM46,Pluss Advanced Technologies,Organic,White waxy solid @25°C,47,45,45.0,177.0,182.0,,880,917,2.7,2.5,0.1,0.2,,,90.0,No,,~2000
n-Tricosane (C23),Literature,Organic n-alkane,,47.5,,,232.0,,,,,,,,,,,,,,
RT50,Rubitherm Technologies,Organic (RT-line),,45-51,51-46,,160.0,,46.0,770,880,2,2,,,0.2,12.5,70.0,,>200,
Paraffin/Expanded graphite (85.56% paraffin),Literature,Organic/composite blend,,48.79,,,161.45,,,,,,,,,,,,,,
savE® OM49,Pluss Advanced Technologies,Organic,White flakes at 25 °C,49,48 and 43,,224.0,230.0,,780,816,2.4,2.1,0.27,0.33,,,100.0,No,,1200
Paraffin/HDPE PCM3,Literature,Organic blend,,49.9,,,,,,,,,,,,,,,,,
PlusICE A50,PCM Products Ltd.,Organic PCM,,50.0,,,190.0,,,810,810,2.15,2.15,0.18,0.18,,,,,,
savE® OM50,Pluss Advanced Technologies,Organic,White color waxy solid @25°C,50,50,,189.0,204.0,,859,961,2.78,3.33,0.14,0.21,,,90.0,Yes,200,~2000
Paraffin/HDPE PCM6,Literature,Organic blend,,50.3,,,,,,,,,,,,,,,,,
Paraffin/HDPE PCM2,Literature,Organic blend,,50.6,,,,,,,,,,,,,,,,,
savE® OM48,Pluss Advanced Technologies,Organic,White waxy solid @25°C,51,48,,165.0,172.0,,875,960,2.35,2.02,0.1,0.2,,,90.0,Yes,200,~2000
PlusICE A52,PCM Products Ltd.,Organic PCM,,52.0,,,220.0,,,810,810,2.15,2.15,0.18,0.18,,,,,,
n-Tetracosane (C24),Literature,Organic n-alkane,,52,49.3,,255.0,254.9,,799,799,,,,,,,,,,
Paraffin/Expanded graphite (92% paraffin),Literature,Organic/composite blend,,52.2,,,170.3,,,,,,,,,,,,,,
Myristic acid (C14),Literature,Organic fatty acid,,52-54,,,199.0,,,861,990,2.04,1.7,0.25,,,,,,,
PureTemp 53,PureTemp,Organic bio-based PCM,,53.0,,,225.0,,,840,920,2.6,2.36,0.15,0.25,,,,,,
RT54HC,Rubitherm Technologies,Organic (RT-line),,53-54,54-53,,200.0,,56.0,800,850,2,2,,,0.2,,85.0,,,
RT55,Rubitherm Technologies,Organic (RT-line),,51-57,57-56,,170.0,,48.0,770,880,2,2,,,0.2,14,90.0,,>200,
n-Pentacosane (C25),Literature,Organic n-alkane,,54,,,238.0,,,801,801,,,,,,,,,,
Myristic acid/NBR-1.0,Literature,Organic/polymer blend,,54.14,49.25,,127.51,124.75,,,,,,,,,,,,,
Myristic acid/NBR-0.5,Literature,Organic/polymer blend,,54.6,50.51,,142.3,139.47,,,,,,,,,,,,,
savE® OM55,Pluss Advanced Technologies,Organic,White solid @25 °C,55,54,,188.0,194.0,,841,935,2.76,2.68,0.1,0.16,,,90.0,Yes,200,~2000
Palmitic-stearic acid/Expanded graphite,Literature,Organic/eutectic composite,,55.18,54.91,,176.2,175.6,,,,,,,,,,,,,
RT57HC,Rubitherm Technologies,Organic (RT-line),,55-58,58-55,,240.0,,67.0,800,900,2,2,,,0.2,,90.0,,170,
n-Hexacosane (C26),Literature,Organic n-alkane,,56.5,,,256.0,,,770,770,,,,,0.21,,,,,
PlusICE A58,PCM Products Ltd.,Organic PCM,,58.0,,,215.0,,,910,910,2.22,2.22,0.22,0.22,,,,,,
PureTemp 58,PureTemp,Organic bio-based PCM,,58.0,,,225.0,,,810,890,2.71,2.47,0.15,0.25,,,,,,
RT60,Rubitherm Technologies,Organic (RT-line),,55-61,61-55,,160.0,,46.0,770,880,2,2,,,0.2,12.5,80.0,,>200,
n-Heptacosane (C27),Literature,Organic n-alkane,,59,,,236.0,,,773,773,,,,,0.21,,,,,
CrodaTherm 60,CrodaTherm,Organic PCM,,59.8,,,217.0,,,824,922,2.3,1.4,0.17,0.29,,,,,,
Palmitic acid/Expanded graphite (80/20),Literature,Organic/composite blend,,60.88,60.81,,148.36,149.66,,,,,,,,0.6,,,,,
PureTemp 60,PureTemp,Organic bio-based PCM,,61.0,,,220.0,,,870,960,2.38,2.04,0.15,0.25,,,,,,
RT65,Rubitherm Technologies,Organic (RT-line),,58-65,65-58,,150.0,,42.0,780,880,2,2,,,0.2,,85.0,,>200,
n-Octacosane (C28),Literature,Organic n-alkane,,61.6,,,253.0,,,910,910,,,,,,,,,,
PlusICE A62,PCM Products Ltd.,Organic PCM,,62.0,,,205.0,,,910,910,2.2,2.2,0.22,0.22,,,,,,
RT62HC,Rubitherm Technologies,Organic (RT-line),,62-63,62,,230.0,,64.0,840,850,2,2,,,0.2,,90.0,,,
Palmitic acid (C16),Literature,Organic fatty acid,,61.3-64,,,198.0,,,,989,,,0.162,,,,,,,
PureTemp 63,PureTemp,Organic bio-based PCM,,63.0,,,206.0,,,840,920,2.16,1.99,0.15,0.25,,,,,,
RT64HC,Rubitherm Technologies,Organic (RT-line),,63-65,64-61,,250.0,,70.0,780,880,2,2,,,0.2,,95.0,,>190,
n-Nonacosane (C29),Literature,Organic n-alkane,,64,,,240.0,,,790,790,,,,,0.17,,,,,
n-Triacontane (C30),Literature,Organic n-alkane,,65.4,,,251.0,,,,,,,0.23,,,,,,,
savE® OM65,Pluss Advanced Technologies,Organic,White waxy Solid @25 °C,67,66,,188.0,196.0,,847,924,3.32,3.48,0.13,0.19,,,90.0,Yes,200,~2000
Stearic acid (C18),Literature,Organic fatty acid,,66.8-69,,,259.0,,,941,965,2.35,,0.172,,,,,,,
PureTemp 68,PureTemp,Organic commercial PCM,,68,,,213.0,,,,,,,,,,,,,,
n-Hentriacontane (C31),Literature,Organic n-alkane,,68,,,242.0,,,930,930,,,,,,,,,,
RT69HC,Rubitherm Technologies,Organic (RT-line),,68-70,69-67,,230.0,,64.0,840,940,2,2,,,0.2,,100.0,,,
n-Dotriacontane (C32),Literature,Organic n-alkane,,69.5,,,170.0,,,,,,,,,,,,,,
RT70HC,Rubitherm Technologies,Organic (RT-line),,69-71,71-69,,260.0,,72.0,770,880,2,2,,,0.2,12.5,90.0,,225,
