K,BIC,Silhouette,Davies-Bouldin,Calinski-Harabasz,Converged
2,1095.8108076906572,0.2854761968494223,1.3100466188297355,37.14735878159257,True
3,1030.9718227866565,0.2963471314727266,1.264274525014226,36.22990108243757,True
4,1008.503910058343,0.1484387663287865,1.3761252117731655,27.552377997961308,True
5,990.9352604213468,0.1570053803743313,1.2500198213304343,26.99231724533477,True
6,1026.1709868762302,0.2562505006626231,1.1536401935179066,30.03009595530701,True
7,1022.7896840829468,0.2862895233318143,0.9988186396656762,30.2990452526776,True
8,1012.4657507146896,0.2966015296432269,0.92505587442757,29.27304412163363,True
9,983.6336606277448,0.2682363693506796,1.180551253337887,28.260980648535764,True
10,1026.5123735743946,0.3476686091295261,0.8184234162570763,34.72462674161275,True
