case_id,regime_id,pcm_id,sampling_method,seed,capsule_diameter_m,n_capsule,flow_rate_kg_s,simulator_version,runtime_s,valid,reason,geom_pcm_thickness_m,geom_pcm_volume_fraction,geom_void_fraction,geom_pressure_drop_pa,geom_pump_power_w,geom_reynolds_number_particle,geom_hydraulic_diameter_m,geom_below_min_pcm_fraction,state,cluster_id,pcm_name,mains_temp_C,useful_energy_kWh,solar_fraction,delivery_temp_hours,unmet_energy_kWh,pump_energy_kWh,collector_energy_kWh,loss_energy_kWh,charge_energy_kWh,discharge_energy_kWh,residual_pct_of_collector,pcm_mass_kg,max_water_temp_C,max_pcm_temp_C,n_safety_violations,final_f_melt,complete_melt_cycles,n_hours_simulated,split
c0_baseline_noPCM,0,NONE_plain_tank,baseline,0,0.08,8,0.030000000000000002,sim_v1_tamilnadu,1.393317461013794,True,,0.04,0.04289321169701264,0.9571067883029873,1.3858140714189671e-05,6.929070357094836e-10,46.70409175705556,1.1900646595720985,True,tamilnadu,0.0,,25.997,1673.2902185277098,0.5226428323641213,,1158.1496484729262,2.7709929780539453e-09,1745.9337914857504,72.86179490544284,0.0,0.0,7.796657106499265e-06,0.0,70.2800375158398,70.2800375158398,0.0,0.0,0.0,8784.0,train
c0_n_Octacosane__C28__lhs_000,0,n-Octacosane (C28),lhs,20261717,0.06857355980399524,15,0.03711079522116631,sim_v1_tamilnadu,1.561776876449585,True,,0.03428677990199762,0.05065122610619135,0.9493487738938087,2.602936707931345e-05,1.6099508523616154e-09,49.52228156209806,0.8568430279782066,True,tamilnadu,0.0,n-Octacosane (C28),25.997,1668.3986318608056,0.518380515188253,,1168.4907546164868,6.439937572017567e-09,1741.331017925107,73.18070883672846,21.88580577017118,21.92437621297669,9.40571020387933e-06,2.3046307878317065,70.58991123052381,62.47109294421362,0.0,0.0,0.0,8784.0,holdout
c0_n_Octacosane__C28__lhs_001,0,n-Octacosane (C28),lhs,20261717,0.040212499699988,12,0.016221070407910702,sim_v1_tamilnadu,2.2375354766845703,True,,0.020106249849994,0.008171336136604803,0.9918286638633952,7.0270668638711e-07,1.899775772665823e-11,12.693584230632274,3.2539688476306745,True,tamilnadu,0.0,n-Octacosane (C28),25.997,1674.2141185354878,0.5218429699935512,,1160.0902505757297,7.598417060547594e-11,1746.7609051492022,72.771825765127,4.503028956262308,4.509251024532602,9.502354688609309e-06,0.37179579421551856,70.23060222241193,70.1634520128353,1401.0,0.0,29.0,8784.0,train
c0_n_Octacosane__C28__lhs_002,0,n-Octacosane (C28),lhs,20261717,0.031240379711624397,18,0.0283242704129898,sim_v1_tamilnadu,1.0967254638671875e-05,False,bounds_violation,,,,,,,,,,,,,,,,,,,,,,,,,,,,,,train
c0_n_Octacosane__C28__lhs_003,0,n-Octacosane (C28),lhs,20261717,0.054963958427310486,21,0.02423440576044937,sim_v1_tamilnadu,1.7957191467285156,True,,0.027481979213655243,0.03651589251724424,0.9634841074827558,7.970016985122994e-06,3.2191437589190675e-10,25.92113815025249,0.9668283547873169,True,tamilnadu,0.0,n-Octacosane (C28),25.997,1670.989364356586,0.5195864800272002,,1165.5648788802648,1.2877513952593785e-09,1743.7669705702006,73.01896356852295,17.692336817416496,17.720155505300696,1.0151012867035569e-05,1.6614731095346131,70.35409784627197,68.27360759085332,168.0,0.0,14.0,8784.0,train
c0_n_Octacosane__C28__lhs_004,0,n-Octacosane (C28),lhs,20261717,0.023198126333062497,22,0.04173341951320401,sim_v1_tamilnadu,9.775161743164062e-06,False,bounds_violation,,,,,,,,,,,,,,,,,,,,,,,,,,,,,,holdout
c0_n_Octacosane__C28__lhs_005,0,n-Octacosane (C28),lhs,20261717,0.04312922696807994,11,0.014745759019900703,sim_v1_tamilnadu,2.9255852699279785,True,,0.02156461348403997,0.00924136929346262,0.9907586307065374,6.612609429454308e-07,1.6251324189909386e-11,12.376062545016426,3.0825629476470238,True,tamilnadu,0.0,n-Octacosane (C28),25.997,1673.7097932288682,0.5217823567223485,,1160.2373086770754,6.49951396819901e-11,1746.2971920877667,72.81259685725769,4.9173459571183455,4.924381127653059,9.135780998003514e-06,0.42048230285254923,70.2510226068099,70.112648820474,1089.0,0.0,27.0,8784.0,train
c0_n_Octacosane__C28__lhs_006,0,n-Octacosane (C28),lhs,20261717,0.060610475390416335,9,0.03352027675686574,sim_v1_tamilnadu,3.28641676902771,True,,0.030305237695208168,0.020985252469014424,0.9790147475309856,7.753948688340037e-06,4.3319084331949027e-10,39.536568713337694,1.885087296414385,True,tamilnadu,0.0,n-Octacosane (C28),25.997,1672.5469654122442,0.5208219111662191,,1162.567512890238,1.73269117480223e-09,1745.2097154347898,72.89489265945573,9.70645218420266,9.722430803968344,9.529826644848406e-06,0.9548289873401563,70.38774161942895,66.99183125396686,29.0,0.0,11.0,8784.0,holdout
c0_n_Octacosane__C28__lhs_007,0,n-Octacosane (C28),lhs,20261717,0.07913227343102656,20,0.04729563817998471,sim_v1_tamilnadu,2.3097264766693115,True,,0.03956613671551328,0.10378140419868322,0.8962185958013168,0.00021125881349776565,1.665270067587199e-08,72.83136039780665,0.45557175696684404,False,tamilnadu,0.0,n-Octacosane (C28),25.997,1662.8011383982598,0.5137488103000952,,1179.7280581529908,6.661912905386126e-08,1736.0372136511983,73.51549775834464,42.566018706198804,42.645151979419786,1.152243481816616e-05,4.722053891040086,71.12437868284434,62.018287156638884,0.0,0.0,0.0,8784.0,train
c0_n_Octacosane__C28__bnd_dmin_fmin,0,n-Octacosane (C28),boundary,0,0.02,16,0.01,sim_v1_tamilnadu,1.3589859008789062e-05,False,bounds_violation,,,,,,,,,,,,,,,,,,,,,,,,,,,,,,train
c0_n_Octacosane__C28__bnd_dmin_fmax,0,n-Octacosane (C28),boundary,0,0.02,16,0.05,sim_v1_tamilnadu,3.814697265625e-06,False,bounds_violation,,,,,,,,,,,,,,,,,,,,,,,,,,,,,,train
c0_n_Octacosane__C28__bnd_dmax_fmin,0,n-Octacosane (C28),boundary,0,0.08,16,0.01,sim_v1_tamilnadu,2.3777658939361572,True,,0.04,0.08578642339402529,0.9142135766059747,9.646162092929935e-06,1.6076936821549893e-10,15.568030585685188,0.5683656631193826,True,tamilnadu,0.0,n-Octacosane (C28),25.997,1664.570114663822,0.5151613031796105,,1176.3011102766598,6.431578575464574e-10,1737.6775464074067,73.376155695711,33.232289192964934,33.29765438378846,1.0589197733340916e-05,3.903282264428151,71.16558590031454,61.74891955094564,0.0,0.0,0.0,8784.0,train
c0_n_Octacosane__C28__bnd_dmax_fmax,0,n-Octacosane (C28),boundary,0,0.08,16,0.05,sim_v1_tamilnadu,2.038753032684326,True,,0.04,0.08578642339402529,0.9142135766059747,0.00017926413952761594,1.4938678293967998e-08,77.84015292842594,0.5683656631193826,True,tamilnadu,0.0,n-Octacosane (C28),25.997,1664.6859255785212,0.51527128850235,,1176.0342671840992,5.976218251488965e-08,1737.8083279188222,73.39127533285973,34.74126027923671,34.806638404847504,1.0712030698779141e-05,3.903282264428151,71.02325270172733,62.00966976594512,0.0,0.0,0.0,8784.0,train
c0_n_Octacosane__C28__bnd_nmin,0,n-Octacosane (C28),boundary,0,0.05,8,0.030000000000000002,sim_v1_tamilnadu,2.677014112472534,True,,0.025,0.010471975511965978,0.989528024488034,2.988850618139812e-06,1.4944253090699062e-10,29.19005734815973,3.149765528504569,True,tamilnadu,0.0,n-Octacosane (C28),25.997,1673.5876925802036,0.5216828675589198,,1160.4786863026015,5.976829488176837e-10,1746.1832836428273,72.82151591089668,5.329127768194187,5.3370997121914066,9.1746447748163e-06,0.476474885794452,70.28510175775888,70.0488633517808,601.0,0.0,22.0,8784.0,train
c0_n_Octacosane__C28__bnd_nmax,0,n-Octacosane (C28),boundary,0,0.05,24,0.030000000000000002,sim_v1_tamilnadu,2.52174711227417,True,,0.025,0.031415926535897934,0.968584073464102,1.013133310886751e-05,5.065666554433756e-10,29.19005734815973,1.027699620612634,True,tamilnadu,0.0,n-Octacosane (C28),25.997,1671.4915243434089,0.5200068308146354,,1164.5450364023266,2.026393263440989e-09,1744.2398542141443,72.98669387888513,16.031505072132216,16.055436452824438,9.965862978566681e-06,1.4294246573833562,70.23630072244461,69.45500417657095,496.0,0.0,19.0,8784.0,train
c0_n_Hexacosane__C26__lhs_000,0,n-Hexacosane (C26),lhs,20260941,0.03026497791085689,13,0.04496310054348283,sim_v1_tamilnadu,1.239776611328125e-05,False,bounds_violation,,,,,,,,,,,,,,,,,,,,,,,,,,,,,,train
c0_n_Hexacosane__C26__lhs_001,0,n-Hexacosane (C26),lhs,20260941,0.02643317845381158,14,0.02359794100960648,sim_v1_tamilnadu,3.0994415283203125e-06,False,bounds_violation,,,,,,,,,,,,,,,,,,,,,,,,,,,,,,train
c0_n_Hexacosane__C26__lhs_002,0,n-Hexacosane (C26),lhs,20260941,0.06486709727398421,16,0.025890773210765883,sim_v1_tamilnadu,2.6719160079956055,True,,0.032433548636992104,0.04573218937622199,0.954267810623778,1.1624885339605616e-05,5.016287832148103e-10,32.6823422721401,0.9023634299527484,True,tamilnadu,0.0,n-Hexacosane (C26),25.997,1670.4693844675576,0.52128665803812,,1161.4399579632081,2.0054213034294485e-09,1743.4080777190488,73.17563645660161,28.87164244691956,28.897778519971624,9.37200599795711e-06,1.7606892909845466,70.00361059548571,69.44447142187968,582.0,0.0,72.0,8784.0,train
c0_n_Hexacosane__C26__lhs_003,0,n-Hexacosane (C26),lhs,20260941,0.047433461259158566,22,0.038355321809752506,sim_v1_tamilnadu,2.817988872528076,True,,0.023716730629579283,0.024587011746464865,0.9754129882535352,1.2347953785442668e-05,7.89349568554342e-10,35.404147117143346,1.2545163998808313,True,tamilnadu,0.0,n-Hexacosane (C26),25.997,1673.035398279083,0.5218284543306893,,1160.1254680417712,3.1564115872612994e-09,1745.7715682792912,72.96592553080988,18.159606804057283,18.173662185302497,9.773469428124193e-06,0.9465999522388974,69.99595267175157,69.98761539356539,3043.0,0.0,114.0,8784.0,train
c0_n_Hexacosane__C26__lhs_004,0,n-Hexacosane (C26),lhs,20260941,0.07319641795349958,20,0.018040537768793247,sim_v1_tamilnadu,2.4390177726745605,True,,0.03659820897674979,0.08213496919093455,0.9178650308090655,2.578585963040131e-05,7.753179576050933e-10,25.697033857190714,0.5453173240890227,True,tamilnadu,0.0,n-Hexacosane (C26),25.997,1667.5963671245545,0.5200448686884167,,1164.4527500533718,3.0987628153701778e-09,1740.7276753633398,73.38283690582278,47.746133338133795,47.79312925005357,1.0907810435623944e-05,3.16219631385098,70.40877228220187,67.90429597949453,166.0,0.0,43.0,8784.0,holdout
c0_n_Hexacosane__C26__lhs_005,0,n-Hexacosane (C26),lhs,20260941,0.05440296535626614,21,0.04946177034958511,sim_v1_tamilnadu,4.37785005569458,True,,0.02720148267813307,0.035409160496071394,0.9645908395039287,3.0301554774037846e-05,2.4979475724480573e-09,52.36437428472872,0.988004258207443,True,tamilnadu,0.0,n-Hexacosane (C26),25.997,1672.2968451998202,0.521612123913713,,1160.6503224136368,9.987384187821875e-09,1745.1163697658897,73.05366170457405,24.905274324762996,24.925523338755106,1.0230862441530293e-05,1.363252679098749,69.79964523922264,69.78549279180577,1810.0,0.0,95.0,8784.0,train
c0_n_Hexacosane__C26__lhs_006,0,n-Hexacosane (C26),lhs,20260941,0.03907923212503141,10,0.01077527937326734,sim_v1_tamilnadu,1.5020370483398438e-05,False,bounds_violation,,,,,,,,,,,,,,,,,,,,,,,,,,,,,,train
c0_n_Hexacosane__C26__lhs_007,0,n-Hexacosane (C26),lhs,20260941,0.0719327830170881,11,0.03076984357059602,sim_v1_tamilnadu,2.693629741668701,True,,0.03596639150854405,0.04287477880024553,0.9571252211997545,1.471999868667122e-05,7.548867615804206e-10,43.07207958234409,1.0705389475012317,True,tamilnadu,0.0,n-Hexacosane (C26),25.997,1670.5846226440037,0.5212462708906589,,1161.5379440495312,3.0182155099440412e-09,1743.4735406092261,73.12465299963681,25.55696041347268,25.581457447062718,9.222940614938246e-06,1.650678983809453,70.31368076037914,69.25394573573027,389.0,0.0,54.0,8784.0,holdout
c0_n_Hexacosane__C26__bnd_dmin_fmin,0,n-Hexacosane (C26),boundary,0,0.02,16,0.01,sim_v1_tamilnadu,1.4066696166992188e-05,False,bounds_violation,,,,,,,,,,,,,,,,,,,,,,,,,,,,,,train
c0_n_Hexacosane__C26__bnd_dmin_fmax,0,n-Hexacosane (C26),boundary,0,0.02,16,0.05,sim_v1_tamilnadu,4.0531158447265625e-06,False,bounds_violation,,,,,,,,,,,,,,,,,,,,,,,,,,,,,,holdout
c0_n_Hexacosane__C26__bnd_dmax_fmin,0,n-Hexacosane (C26),boundary,0,0.08,16,0.01,sim_v1_tamilnadu,3.7374327182769775,True,,0.04,0.08578642339402529,0.9142135766059747,9.646162092929935e-06,1.6076936821549893e-10,15.568030585685188,0.5683656631193826,True,tamilnadu,0.0,n-Hexacosane (C26),25.997,1666.8897077928468,0.5193799963593195,,1166.0658433646902,6.426710836268458e-10,1739.97996316012,73.34307072114126,45.51418738507265,45.56326447744329,1.0932836240565422e-05,3.3027773006699737,70.75977926615863,64.60119932550023,0.0,0.0,26.0,8784.0,train
c0_n_Hexacosane__C26__bnd_dmax_fmax,0,n-Hexacosane (C26),boundary,0,0.08,16,0.05,sim_v1_tamilnadu,3.497452974319458,True,,0.04,0.08578642339402529,0.9142135766059747,0.00017926413952761594,1.4938678293967998e-08,77.84015292842594,0.5683656631193826,True,tamilnadu,0.0,n-Hexacosane (C26),25.997,1667.1882696565426,0.5197650671757871,,1165.1315960945847,5.970802980602438e-08,1740.3264423334913,73.39110988156816,48.71563308956514,48.76472038774484,1.1035066717280553e-05,3.3027773006699737,70.53705956618204,67.39765472528345,110.0,0.0,39.0,8784.0,train
c0_n_Hexacosane__C26__bnd_nmin,0,n-Hexacosane (C26),boundary,0,0.05,8,0.030000000000000002,sim_v1_tamilnadu,3.4781038761138916,True,,0.025,0.010471975511965978,0.989528024488034,2.988850618139812e-06,1.4944253090699062e-10,29.19005734815973,3.149765528504569,True,tamilnadu,0.0,n-Hexacosane (C26),25.997,1673.9872389584343,0.5221968897158731,,1159.2315811562994,5.976393614127961e-10,1746.5961732782691,72.832916321929,7.525248192255939,7.531230913997626,9.202196160923447e-06,0.4031710572106902,70.20149404325818,70.19663754739739,2247.0,0.0,105.0,8784.0,train
c0_n_Hexacosane__C26__bnd_nmax,0,n-Hexacosane (C26),boundary,0,0.05,24,0.030000000000000002,sim_v1_tamilnadu,3.4584097862243652,True,,0.025,0.031415926535897934,0.968584073464102,1.013133310886751e-05,5.065666554433756e-10,29.19005734815973,1.027699620612634,True,tamilnadu,0.0,n-Hexacosane (C26),25.997,1672.5768143436326,0.5216966759997781,,1160.4451846773818,2.0254856648498773e-09,1745.3692662596236,73.02497931245841,22.61482930545259,22.63279270152377,1.006279855933382e-05,1.2095131716320706,69.87795188253669,69.86702954711745,2020.0,0.0,100.0,8784.0,train
c0_PureTemp_58_lhs_000,0,PureTemp 58,lhs,20261395,0.04425781914685328,18,0.01655828835051523,sim_v1_tamilnadu,2.7805593013763428,True,,0.02212890957342664,0.016340718646672435,0.9836592813533276,1.552375835403081e-06,4.284114451829364e-11,14.260972426901038,1.776119949907039,True,tamilnadu,0.0,PureTemp 58,25.997,1673.5993243663086,0.5219964210674306,,1159.7179521809003,1.7133244721509112e-10,1746.2555276587088,72.88588917626247,11.71461898226545,11.727482180483955,9.276544695416015e-06,0.7271619797769234,70.04582750414366,70.0338442940084,1692.0,0.0,80.0,8784.0,train
c0_PureTemp_58_lhs_001,0,PureTemp 58,lhs,20261395,0.07519812964161694,21,0.022350843601399377,sim_v1_tamilnadu,2.4359543323516846,True,,0.03759906482080847,0.09351236247261337,0.9064876375273866,4.567093964326655e-05,1.7013067151593356e-09,32.70729647028557,0.48596907819021284,True,tamilnadu,0.0,PureTemp 58,25.997,1666.6683769171216,0.518876134781046,,1167.2882972196232,6.8032420028054285e-09,1739.8025355748312,73.40875771191014,50.84889575180343,50.922531482610836,9.963565566090608e-06,4.161300130031295,70.73428721826308,62.61267402209732,0.0,0.0,12.0,8784.0,train
c0_PureTemp_58_lhs_002,0,PureTemp 58,lhs,20261395,0.02310297030380736,12,0.0411433564620877,sim_v1_tamilnadu,1.239776611328125e-05,False,bounds_violation,,,,,,,,,,,,,,,,,,,,,,,,,,,,,,train
c0_PureTemp_58_lhs_003,0,PureTemp 58,lhs,20261395,0.06184899596472494,11,0.04616409111616751,sim_v1_tamilnadu,2.5014138221740723,True,,0.03092449798236247,0.027253310526863094,0.9727466894731369,1.938843896614365e-05,1.4917494383888469e-09,55.56235341360799,1.4717088165031458,True,tamilnadu,0.0,PureTemp 58,25.997,1671.7439159390494,0.5216085199648653,,1160.659066206281,5.9653816916665615e-09,1744.5437930896885,73.03474954963058,17.034959007150217,17.05639502192344,8.405276177222029e-06,1.2127723184454078,70.24336081004235,69.41764689015531,401.0,0.0,49.0,8784.0,holdout
c0_PureTemp_58_lhs_004,0,PureTemp 58,lhs,20261395,0.038924586159201226,15,0.027113479007279145,sim_v1_tamilnadu,1.239776611328125e-05,False,bounds_violation,,,,,,,,,,,,,,,,,,,,,,,,,,,,,,holdout
c0_PureTemp_58_lhs_005,0,PureTemp 58,lhs,20261395,0.06732856987402024,20,0.0393353688677508,sim_v1_tamilnadu,2.484443426132202,True,,0.03366428493701012,0.0639229461191556,0.9360770538808444,7.837665138602201e-05,5.1382908214804796e-09,51.53785104942117,0.657298963371746,True,tamilnadu,0.0,PureTemp 58,25.997,1669.1817447359895,0.5203421693450525,,1163.7314481136132,2.0547168613295134e-08,1742.1919726672213,73.26729548467361,37.848893295015834,37.899213457519984,9.32989262866732e-06,2.8445711023024245,70.36524522751417,67.14907749955445,86.0,0.0,30.0,8784.0,train
c0_PureTemp_58_lhs_006,0,PureTemp 58,lhs,20261395,0.054973831195782946,22,0.013321067252878021,sim_v1_tamilnadu,3.706876039505005,True,,0.027486915597891473,0.03827536249356218,0.9617246375064378,2.785866464260557e-06,6.185119087992064e-11,14.250782592551598,0.9208654416270509,True,tamilnadu,0.0,PureTemp 58,25.997,1671.0598349330562,0.5213230818364667,,1161.3515876356812,2.4732229526479516e-10,1743.945333863559,73.12713107774275,24.6193610877355,24.64947870724798,8.715425699931586e-06,1.7032536309635171,70.12101197950953,69.33128840913487,457.0,0.0,49.0,8784.0,holdout
c0_PureTemp_58_lhs_007,0,PureTemp 58,lhs,20261395,0.032142892286794025,10,0.030657865480386723,sim_v1_tamilnadu,1.2636184692382812e-05,False,bounds_violation,,,,,,,,,,,,,,,,,,,,,,,,,,,,,,train
c0_PureTemp_58_bnd_dmin_fmin,0,PureTemp 58,boundary,0,0.02,16,0.01,sim_v1_tamilnadu,4.5299530029296875e-06,False,bounds_violation,,,,,,,,,,,,,,,,,,,,,,,,,,,,,,train
c0_PureTemp_58_bnd_dmin_fmax,0,PureTemp 58,boundary,0,0.02,16,0.05,sim_v1_tamilnadu,1.9073486328125e-06,False,bounds_violation,,,,,,,,,,,,,,,,,,,,,,,,,,,,,,train
c0_PureTemp_58_bnd_dmax_fmin,0,PureTemp 58,boundary,0,0.08,16,0.01,sim_v1_tamilnadu,2.377082347869873,True,,0.04,0.08578642339402529,0.9142135766059747,9.646162092929935e-06,1.6076936821549893e-10,15.568030585685188,0.5683656631193826,True,tamilnadu,0.0,PureTemp 58,25.997,1666.8188778669007,0.5186609946167995,,1167.810263836001,6.429167034946243e-10,1739.8704559980436,73.32118798598869,43.228157896118944,43.29566594200672,9.511048571375333e-06,3.8174958410341255,70.92976049254561,59.40584024081561,0.0,0.0,2.0,8784.0,train
c0_PureTemp_58_bnd_dmax_fmax,0,PureTemp 58,boundary,0,0.08,16,0.05,sim_v1_tamilnadu,2.525543451309204,True,,0.04,0.08578642339402529,0.9142135766059747,0.00017926413952761594,1.4938678293967998e-08,77.84015292842594,0.5683656631193826,True,tamilnadu,0.0,PureTemp 58,25.997,1667.138514987952,0.5190403144662901,,1166.8899693895553,5.973852960755836e-08,1740.217267958479,73.3486149548066,45.673187380933406,45.74071815000076,9.677822569463953e-06,3.8174958410341255,70.77632013537577,62.023985411309184,0.0,0.0,11.0,8784.0,train
c0_PureTemp_58_bnd_nmin,0,PureTemp 58,boundary,0,0.05,8,0.030000000000000002,sim_v1_tamilnadu,2.8538124561309814,True,,0.025,0.010471975511965978,0.989528024488034,2.988850618139812e-06,1.4944253090699062e-10,29.19005734815973,3.149765528504569,True,tamilnadu,0.0,PureTemp 58,25.997,1673.9813339632728,0.5221728037721575,,1159.2900177508218,5.976455881849366e-10,1746.585733467287,72.830486117028,7.245818192562166,7.254059563466237,9.101851482471787e-06,0.466002910282486,70.16103596313843,70.13904575645537,938.0,0.0,77.0,8784.0,train
c0_PureTemp_58_bnd_nmax,0,PureTemp 58,boundary,0,0.05,24,0.030000000000000002,sim_v1_tamilnadu,2.801140785217285,True,,0.025,0.031415926535897934,0.968584073464102,1.013133310886751e-05,5.065666554433756e-10,29.19005734815973,1.027699620612634,True,tamilnadu,0.0,PureTemp 58,25.997,1672.6117221519055,0.521560994956157,,1160.7743699575617,2.025865589841603e-09,1745.3835252160159,73.0106629062263,21.739407581450802,21.764146549855607,9.711416738035186e-06,1.3980087308474582,69.8417561257591,69.69986885628103,829.0,0.0,70.0,8784.0,train
c1_baseline_noPCM,1,NONE_plain_tank,baseline,0,0.08,8,0.030000000000000002,sim_v1_tamilnadu,1.2589609622955322,True,,0.04,0.04289321169701264,0.9571067883029873,1.3858140714189671e-05,6.929070357094836e-10,46.70409175705556,1.1900646595720985,True,tamilnadu,1.0,,24.39,1809.9340445647624,0.5311391962515881,,1233.7324358315725,2.7612345373010713e-09,1880.5676028636217,70.94413758300853,0.0,0.0,1.4764530592159126e-08,0.0,70.44087617607511,70.44087617607511,0.0,0.0,0.0,8784.0,train
c1_n_Octacosane__C28__lhs_000,1,n-Octacosane (C28),lhs,20262717,0.05160968933419828,21,0.023388955325851515,sim_v1_tamilnadu,2.6748077869415283,True,,0.02580484466709914,0.030230243627730705,0.9697697563722693,5.990976858201485e-06,2.335378168244747e-10,23.490148286384983,1.1037404895663856,True,tamilnadu,1.0,n-Octacosane (C28),24.39,1808.206566912018,0.52848817367837,,1240.708178974426,9.313196212707608e-10,1878.9036344053668,71.02615233107613,15.075486517000673,15.09976658269676,5.9470531113381636e-08,1.3754760850617471,70.39382639623113,69.50043225929475,126.0,0.0,7.0,8784.0,holdout
c1_n_Octacosane__C28__lhs_001,1,n-Octacosane (C28),lhs,20262717,0.0757780773624832,10,0.0284933657498299,sim_v1_tamilnadu,2.2297961711883545,True,,0.0378890386812416,0.0455679367200104,0.9544320632799896,1.3596738622454833e-05,6.456947442907399e-10,42.01757889585633,1.0581274456622514,True,tamilnadu,1.0,n-Octacosane (C28),24.39,1805.20597642335,0.5270592479910927,,1244.4681690497168,2.5748692165434844e-09,1876.064527578555,71.19429880565272,18.78477028600369,18.82134271176655,4.845740367810727e-08,2.0733411207604737,70.78319589233769,62.17167707760698,0.0,0.0,0.0,8784.0,train
c1_n_Octacosane__C28__lhs_002,1,n-Octacosane (C28),lhs,20262717,0.04362662680669031,19,0.032375528096261645,sim_v1_tamilnadu,3.059307813644409,True,,0.021813313403345157,0.01652103013440246,0.9834789698655976,5.753521517208543e-06,3.1045549588805193e-10,27.486040694631363,1.7313637887187991,True,tamilnadu,1.0,n-Octacosane (C28),24.39,1810.0801956887703,0.5296316791208002,,1237.6992267574838,1.238001656201964e-09,1880.6594231072943,70.90131520358577,9.088425518875962,9.1016934178071,5.339283927234147e-08,0.751706871115312,70.27047113860094,70.11406330840397,634.0,0.0,16.0,8784.0,train
c1_n_Octacosane__C28__lhs_003,1,n-Octacosane (C28),lhs,20262717,0.028858941406730284,13,0.049672718905668205,sim_v1_tamilnadu,1.3113021850585938e-05,False,bounds_violation,,,,,,,,,,,,,,,,,,,,,,,,,,,,,,train
c1_n_Octacosane__C28__lhs_004,1,n-Octacosane (C28),lhs,20262717,0.06638539020698639,10,0.04235812428397125,sim_v1_tamilnadu,2.0457935333251953,True,,0.033192695103493194,0.03063699424522381,0.9693630057547762,1.858963451323412e-05,1.312370081841954e-09,54.72086095885175,1.4003014541650118,True,tamilnadu,1.0,n-Octacosane (C28),24.39,1806.8681333924517,0.5284328021352819,,1240.8538803599624,5.231763331266589e-09,1877.6533012670477,71.11277571400309,13.513078684901663,13.537660772326472,3.402585647158662e-08,1.3939832381576835,70.5433969673774,64.70582434871983,0.0,0.0,1.0,8784.0,train
c1_n_Octacosane__C28__lhs_005,1,n-Octacosane (C28),lhs,20262717,0.020365609513765443,17,0.0162649132098326,sim_v1_tamilnadu,1.33514404296875e-05,False,bounds_violation,,,,,,,,,,,,,,,,,,,,,,,,,,,,,,train
c1_n_Octacosane__C28__lhs_006,1,n-Octacosane (C28),lhs,20262717,0.06445695628658585,23,0.035028835082006674,sim_v1_tamilnadu,3.9657111167907715,True,,0.032228478143292924,0.06450090908498005,0.9354990909150199,6.406259231193036e-05,3.740063301700729e-09,43.937888025968675,0.6232410763886095,True,tamilnadu,1.0,n-Octacosane (C28),24.39,1804.4837457369,0.5254768781503218,,1248.6319229451867,1.492222922989677e-08,1875.3715768915613,71.23561835365378,29.36169878306393,29.413553396941577,1.377413002814528e-07,2.9347913633665925,70.7283162225358,64.3036374199864,0.0,0.0,1.0,8784.0,train
c1_n_Octacosane__C28__lhs_007,1,n-Octacosane (C28),lhs,20262717,0.04024022959880976,15,0.01026331688242216,sim_v1_tamilnadu,3.120283842086792,True,,0.02012011479940488,0.010235315332240999,0.989764684667759,3.7270103857100566e-07,6.375248102103457e-12,8.03696130266362,2.594178871028745,True,tamilnadu,1.0,n-Octacosane (C28),24.39,1810.7471418563812,0.5301568486556599,,1236.3173268752862,2.542077053640818e-11,1881.2836036837318,70.85506749967925,5.587190204335392,5.595408219133202,4.539856447176853e-08,0.46570684761696546,70.3242676297246,70.26648078057642,602.0,0.0,15.0,8784.0,train
c1_n_Octacosane__C28__bnd_dmin_fmin,1,n-Octacosane (C28),boundary,0,0.02,16,0.01,sim_v1_tamilnadu,2.2172927856445312e-05,False,bounds_violation,,,,,,,,,,,,,,,,,,,,,,,,,,,,,,train
c1_n_Octacosane__C28__bnd_dmin_fmax,1,n-Octacosane (C28),boundary,0,0.02,16,0.05,sim_v1_tamilnadu,3.337860107421875e-06,False,bounds_violation,,,,,,,,,,,,,,,,,,,,,,,,,,,,,,holdout
c1_n_Octacosane__C28__bnd_dmax_fmin,1,n-Octacosane (C28),boundary,0,0.08,16,0.01,sim_v1_tamilnadu,2.172330856323242,True,,0.04,0.08578642339402529,0.9142135766059747,9.646162092929935e-06,1.6076936821549893e-10,15.568030585685188,0.5683656631193826,True,tamilnadu,1.0,n-Octacosane (C28),24.39,1800.6246507723101,0.5234183554718395,,1254.0485971010016,6.413759970487437e-10,1871.7073944998656,71.44026590836727,34.41976389206889,34.4886863155953,1.0815212689510841e-07,3.903282264428151,71.30889431786166,61.802224077200385,0.0,0.0,0.0,8784.0,train
c1_n_Octacosane__C28__bnd_dmax_fmax,1,n-Octacosane (C28),boundary,0,0.08,16,0.05,sim_v1_tamilnadu,2.0110983848571777,True,,0.04,0.08578642339402529,0.9142135766059747,0.00017926413952761594,1.4938678293967998e-08,77.84015292842594,0.5683656631193826,True,tamilnadu,1.0,n-Octacosane (C28),24.39,1800.756636816316,0.523505072992998,,1253.820413772916,5.959785705365818e-08,1871.8448786139852,71.44594316458635,35.72969119512308,35.7986310470254,1.204301403443815e-07,3.903282264428151,71.1599611802335,62.07189136983799,0.0,0.0,0.0,8784.0,holdout
c1_n_Octacosane__C28__bnd_nmin,1,n-Octacosane (C28),boundary,0,0.05,8,0.030000000000000002,sim_v1_tamilnadu,2.8988449573516846,True,,0.025,0.010471975511965978,0.989528024488034,2.988850618139812e-06,1.4944253090699062e-10,29.19005734815973,3.149765528504569,True,tamilnadu,1.0,n-Octacosane (C28),24.39,1810.2891021604835,0.5301496343663994,,1236.3363101270127,5.958273707255814e-10,1880.8601514118916,70.8892087590507,5.3194262051128005,5.327831322863387,3.5846276834299406e-08,0.476474885794452,70.37005710439578,70.2122023277229,251.0,0.0,12.0,8784.0,train
c1_n_Octacosane__C28__bnd_nmax,1,n-Octacosane (C28),boundary,0,0.05,24,0.030000000000000002,sim_v1_tamilnadu,4.314113140106201,True,,0.025,0.031415926535897934,0.968584073464102,1.013133310886751e-05,5.065666554433756e-10,29.19005734815973,1.027699620612634,True,tamilnadu,1.0,n-Octacosane (C28),24.39,1808.0801187056682,0.5283956578862565,,1240.951619527879,2.020124501079832e-09,1878.7877896597104,71.03742220532267,16.086025960989566,16.111260355113902,6.139147701064933e-08,1.4294246573833562,70.34027086771319,69.62642563693262,195.0,0.0,8.0,8784.0,train
c1_RT64HC_lhs_000,1,RT64HC,lhs,20262763,0.04333426803482007,10,0.016347265344601257,sim_v1_tamilnadu,3.3985402584075928,True,,0.021667134017410036,0.008521636671379193,0.9914783633286208,7.398008199291247e-07,2.015620050922496e-11,13.785428384923765,3.36124704710068,True,tamilnadu,1.0,RT64HC,24.39,1810.8772441538006,0.5301790033165374,,1236.2590304181906,8.03700500579877e-11,1881.3862040894744,70.82675613793178,3.431947264668904,3.4389020981031533,4.3861125646240884e-08,0.37495201354068447,70.42214716403782,70.25541161216199,152.0,0.0,1.0,8784.0,train
c1_RT64HC_lhs_001,1,RT64HC,lhs,20262763,0.025655254869320226,23,0.030043539505741866,sim_v1_tamilnadu,1.33514404296875e-05,False,bounds_violation,,,,,,,,,,,,,,,,,,,,,,,,,,,,,,train
c1_RT64HC_lhs_002,1,RT64HC,lhs,20262763,0.07782351883657117,21,0.02731380607780591,sim_v1_tamilnadu,1.806382656097412,True,,0.038911759418285584,0.10365267250131427,0.8963473274986857,7.619546920621822e-05,3.4686471165101275e-09,41.36535679324826,0.4486580129732124,False,tamilnadu,1.0,RT64HC,24.39,1798.0253566839385,0.5207568920563822,,1261.0518136552066,1.3842214426270121e-08,1869.1550914900363,71.49893019226448,37.27487564848748,37.35961476726528,3.0229868783118507e-07,4.560717590057828,71.61961112230713,63.99730341710924,0.0,0.0,0.0,8784.0,train
c1_RT64HC_lhs_003,1,RT64HC,lhs,20262763,0.06838101088254289,11,0.010619031457109329,sim_v1_tamilnadu,2.2131457328796387,True,,0.034190505441271446,0.03683221637747765,0.9631677836225223,1.6694436455905047e-06,2.9546457647328083e-11,14.130714217438452,1.1921155475885725,True,tamilnadu,1.0,RT64HC,24.39,1805.8761220339256,0.5274506126959029,,1243.4383552399386,1.178091132541051e-10,1876.6648413310752,71.12033296921138,12.911204785695213,12.941252968395085,4.177130035445464e-08,1.6206175206090168,70.7889772245455,64.10630195499283,0.0,0.0,0.0,8784.0,train
c1_RT64HC_lhs_004,1,RT64HC,lhs,20262763,0.05049192979373747,14,0.037440743492096265,sim_v1_tamilnadu,2.9661073684692383,True,,0.025245964896868735,0.018872201404191515,0.9811277985958085,8.712595804898926e-06,5.436767744692245e-10,36.788334201069745,1.7499825930704993,True,tamilnadu,1.0,RT64HC,24.39,1809.2788128519765,0.5291875615705319,,1238.867851267589,2.1679564445919272e-09,1879.875556760521,70.91987712914651,7.3784794141612835,7.3938827414860935,4.616206207664986e-08,0.8303768617844267,70.48738914772275,68.7654573474318,44.0,0.0,0.0,8784.0,train
c1_RT64HC_lhs_005,1,RT64HC,lhs,20262763,0.0280782499719143,17,0.04902265020762863,sim_v1_tamilnadu,1.3589859008789062e-05,False,bounds_violation,,,,,,,,,,,,,,,,,,,,,,,,,,,,,,train
c1_RT64HC_lhs_006,1,RT64HC,lhs,20262763,0.036805241161288235,19,0.04449045036547134,sim_v1_tamilnadu,3.337860107421875e-06,False,bounds_violation,,,,,,,,,,,,,,,,,,,,,,,,,,,,,,train
c1_RT64HC_lhs_007,1,RT64HC,lhs,20262763,0.05970704705752135,14,0.022034668633734843,sim_v1_tamilnadu,3.056199789047241,True,,0.029853523528760674,0.03120566427510077,0.9687943357248993,5.435710566716493e-06,1.9962346854414827e-10,25.602112740954798,1.2357553313024814,True,tamilnadu,1.0,RT64HC,24.39,1807.8704776690101,0.5279547082607471,,1242.1119081491706,7.960817572664279e-10,1878.525345406037,70.98497477774598,11.49127021704331,11.516747098299325,6.256950402823844e-08,1.373049228104434,70.68168212193363,64.65033461816215,0.0,0.0,0.0,8784.0,train
c1_RT64HC_bnd_dmin_fmin,1,RT64HC,boundary,0,0.02,16,0.01,sim_v1_tamilnadu,1.4066696166992188e-05,False,bounds_violation,,,,,,,,,,,,,,,,,,,,,,,,,,,,,,holdout
c1_RT64HC_bnd_dmin_fmax,1,RT64HC,boundary,0,0.02,16,0.05,sim_v1_tamilnadu,3.5762786865234375e-06,False,bounds_violation,,,,,,,,,,,,,,,,,,,,,,,,,,,,,,train
c1_RT64HC_bnd_dmax_fmin,1,RT64HC,boundary,0,0.08,16,0.01,sim_v1_tamilnadu,2.629317045211792,True,,0.04,0.08578642339402529,0.9142135766059747,9.646162092929935e-06,1.6076936821549893e-10,15.568030585685188,0.5683656631193826,True,tamilnadu,1.0,RT64HC,24.39,1800.051827098163,0.5225264462944192,,1256.3955138686267,6.41416189390572e-10,1871.089571606411,71.39678747670358,29.85904827707412,29.929126349408968,1.3791338474148294e-07,3.774602629337113,71.52411482226483,63.85902315972561,0.0,0.0,0.0,8784.0,holdout
c1_RT64HC_bnd_dmax_fmax,1,RT64HC,boundary,0,0.08,16,0.05,sim_v1_tamilnadu,1.9024913311004639,True,,0.04,0.08578642339402529,0.9142135766059747,0.00017926413952761594,1.4938678293967998e-08,77.84015292842594,0.5683656631193826,True,tamilnadu,1.0,RT64HC,24.39,1800.1568976153112,0.5225511583316917,,1256.3304880833723,5.9602836613109845e-08,1871.1916211638968,71.39391898051196,30.521181064955176,30.591273963858118,1.4875240845114016e-07,3.774602629337113,71.41521475546159,63.99185445936869,0.0,0.0,0.0,8784.0,holdout
c1_RT64HC_bnd_nmin,1,RT64HC,boundary,0,0.05,8,0.030000000000000002,sim_v1_tamilnadu,2.5176124572753906,True,,0.025,0.010471975511965978,0.989528024488034,2.988850618139812e-06,1.4944253090699062e-10,29.19005734815973,3.149765528504569,True,tamilnadu,1.0,RT64HC,24.39,1810.2092196196372,0.5300110697395312,,1236.7009208457152,5.958460510420573e-10,1880.7647393823877,70.87385587351959,4.067335835142176,4.075880407232176,3.6402657946099795e-08,0.46076692252650303,70.43895723118398,68.86782403953673,41.0,0.0,0.0,8784.0,train
c1_RT64HC_bnd_nmax,1,RT64HC,boundary,0,0.05,24,0.030000000000000002,sim_v1_tamilnadu,2.517796277999878,True,,0.025,0.031415926535897934,0.968584073464102,1.013133310886751e-05,5.065666554433756e-10,29.19005734815973,1.027699620612634,True,tamilnadu,1.0,RT64HC,24.39,1807.8787928209354,0.5279537220416805,,1242.114503227372,2.020145608023663e-09,1878.5377133631148,70.98919717153913,12.353271269000512,12.37892391560661,6.387671907432175e-08,1.3823007675795091,70.55307081359021,68.22402733900357,36.0,0.0,0.0,8784.0,train
c1_n_Hexacosane__C26__lhs_000,1,n-Hexacosane (C26),lhs,20261941,0.049802508929478385,18,0.033055618293203824,sim_v1_tamilnadu,3.195861577987671,True,,0.024901254464739193,0.023283849802676157,0.9767161501973238,8.648637597457496e-06,4.764767719630107e-10,32.03614097242672,1.392751204633325,True,tamilnadu,1.0,n-Hexacosane (C26),24.39,1809.6249846749263,0.5302971539753415,,1235.9481358010335,1.899534211024207e-09,1880.32294363002,71.01881437723438,17.992544169773737,18.00672960922815,5.268540122196961e-08,0.8964282174030321,70.1744915973421,70.16388859563777,1406.0,0.0,108.0,8784.0,train
c1_n_Hexacosane__C26__lhs_001,1,n-Hexacosane (C26),lhs,20261941,0.029147753211231354,23,0.04042741818493861,sim_v1_tamilnadu,1.239776611328125e-05,False,bounds_violation,,,,,,,,,,,,,,,,,,,,,,,,,,,,,,train
c1_n_Hexacosane__C26__lhs_002,1,n-Hexacosane (C26),lhs,20261941,0.05279822509224247,8,0.024957275773332413,sim_v1_tamilnadu,2.906195878982544,True,,0.026399112546121234,0.012330383223891064,0.987669616776109,2.466811745933351e-06,1.0260816837359042e-10,25.64248973128943,2.819442120948566,True,tamilnadu,1.0,n-Hexacosane (C26),24.39,1810.4889459302178,0.5306127909363899,,1235.1175874726607,4.0904318788027716e-10,1881.0899839049002,70.91789706280856,9.199031088636474,9.20653896990566,3.8665731446110966e-08,0.47471975411980594,70.33186240702217,70.32176229957238,1240.0,0.0,99.0,8784.0,train
c1_n_Hexacosane__C26__lhs_003,1,n-Hexacosane (C26),lhs,20261941,0.05785208741057869,15,0.03548840046204055,sim_v1_tamilnadu,3.1770424842834473,True,,0.028926043705289346,0.030414240667826227,0.9695857593321737,1.324211276527696e-05,7.832356679627465e-10,39.95297726071082,1.2295240402582153,True,tamilnadu,1.0,n-Hexacosane (C26),24.39,1809.0472172806276,0.5301082030074997,,1236.4453301408985,3.1225647992461046e-09,1879.7907971478953,71.06699083419034,21.970819100072834,21.989351941533545,6.266695514526852e-08,1.1709482657113097,70.02590552352429,70.00536407775286,895.0,0.0,87.0,8784.0,train
c1_n_Hexacosane__C26__lhs_004,1,n-Hexacosane (C26),lhs,20261941,0.04159846102022594,19,0.015202196052479293,sim_v1_tamilnadu,3.4575393199920654,True,,0.02079923051011297,0.014322341016939823,0.9856776589830601,1.1460909329712082e-06,2.9038498428328687e-11,12.30629387738979,1.9085647905938548,True,tamilnadu,1.0,n-Hexacosane (C26),24.39,1810.736912993473,0.530547394895424,,1235.289666725756,1.1577810648353898e-10,1881.3269037502548,70.90814993113793,11.574046887008128,11.582772623307468,5.1906332435083154e-08,0.5514101291521832,70.32931145657791,70.32229709431527,2439.0,0.0,127.0,8784.0,holdout
c1_n_Hexacosane__C26__lhs_005,1,n-Hexacosane (C26),lhs,20261941,0.02363911129610732,12,0.026213693044489145,sim_v1_tamilnadu,1.3828277587890625e-05,False,bounds_violation,,,,,,,,,,,,,,,,,,,,,,,,,,,,,,train
c1_n_Hexacosane__C26__lhs_006,1,n-Hexacosane (C26),lhs,20261941,0.06758735885986306,22,0.011642086420556242,sim_v1_tamilnadu,2.9123446941375732,True,,0.03379367942993153,0.07112916751128802,0.9288708324887119,9.879859636554704e-06,1.9170363285289207e-10,15.312284287604264,0.5884124003926731,True,tamilnadu,1.0,n-Hexacosane (C26),24.39,1804.4149327578918,0.5285233130360613,,1240.615715358335,7.641786064591546e-10,1875.4787243731623,71.4001805998955,44.94821827691503,44.991584996538236,9.80313117788719e-08,2.738472949184589,70.36316942017697,68.79048677414664,114.0,0.0,48.0,8784.0,train
c1_n_Hexacosane__C26__lhs_007,1,n-Hexacosane (C26),lhs,20261941,0.07761703104299723,11,0.048333171998592966,sim_v1_tamilnadu,2.7571616172790527,True,,0.03880851552149862,0.053863228657055416,0.9461367713429446,4.614034833987251e-05,3.716848987310086e-09,73.00389190713882,0.908923446578767,True,tamilnadu,1.0,n-Hexacosane (C26),24.39,1805.777457921843,0.5289420179782487,,1239.5139600738457,1.4816289275693617e-08,1876.6995357028952,71.25222405309694,32.64819584327124,32.68100608938296,6.542187215392375e-08,2.0737343032966336,70.55792081981014,68.66748148136469,82.0,0.0,46.0,8784.0,train
c1_n_Hexacosane__C26__bnd_dmin_fmin,1,n-Hexacosane (C26),boundary,0,0.02,16,0.01,sim_v1_tamilnadu,1.4781951904296875e-05,False,bounds_violation,,,,,,,,,,,,,,,,,,,,,,,,,,,,,,train
c1_n_Hexacosane__C26__bnd_dmin_fmax,1,n-Hexacosane (C26),boundary,0,0.02,16,0.05,sim_v1_tamilnadu,4.5299530029296875e-06,False,bounds_violation,,,,,,,,,,,,,,,,,,,,,,,,,,,,,,holdout
c1_n_Hexacosane__C26__bnd_dmax_fmin,1,n-Hexacosane (C26),boundary,0,0.08,16,0.01,sim_v1_tamilnadu,3.847691297531128,True,,0.04,0.08578642339402529,0.9142135766059747,9.646162092929935e-06,1.6076936821549893e-10,15.568030585685188,0.5683656631193826,True,tamilnadu,1.0,n-Hexacosane (C26),24.39,1802.6153923387371,0.5272381797311352,,1243.9973387100397,6.409874710764375e-10,1873.676756120349,71.40270480942169,48.136899875515226,48.18920958093722,1.4529317938065678e-07,3.3027773006699737,70.93671549370416,65.04420013568489,2.0,0.0,30.0,8784.0,holdout
c1_n_Hexacosane__C26__bnd_dmax_fmax,1,n-Hexacosane (C26),boundary,0,0.08,16,0.05,sim_v1_tamilnadu,3.447453498840332,True,,0.04,0.08578642339402529,0.9142135766059747,0.00017926413952761594,1.4938678293967998e-08,77.84015292842594,0.5683656631193826,True,tamilnadu,1.0,n-Hexacosane (C26),24.39,1802.9160294611636,0.5276459985657954,,1242.924228481501,5.956175524772512e-08,1874.0317139508609,71.45716555357038,51.33218544386486,51.384508737005824,1.556807818615852e-07,3.3027773006699737,70.69697666073588,67.6386605671587,32.0,0.0,40.0,8784.0,train
c1_n_Hexacosane__C26__bnd_nmin,1,n-Hexacosane (C26),boundary,0,0.05,8,0.030000000000000002,sim_v1_tamilnadu,4.494308710098267,True,,0.025,0.010471975511965978,0.989528024488034,2.988850618139812e-06,1.4944253090699062e-10,29.19005734815973,3.149765528504569,True,tamilnadu,1.0,n-Hexacosane (C26),24.39,1810.6354267372924,0.5306575482439979,,1234.9998157551383,5.957339691437327e-10,1881.222762754462,70.90352151497157,8.044865007518151,8.05124112453343,3.667878188722956e-08,0.4031710572106902,70.36635762560195,70.35890299950529,1494.0,0.0,108.0,8784.0,train
c1_n_Hexacosane__C26__bnd_nmax,1,n-Hexacosane (C26),boundary,0,0.05,24,0.030000000000000002,sim_v1_tamilnadu,3.2863168716430664,True,,0.025,0.031415926535897934,0.968584073464102,1.013133310886751e-05,5.065666554433756e-10,29.19005734815973,1.027699620612634,True,tamilnadu,1.0,n-Hexacosane (C26),24.39,1808.9835244960682,0.5300677293550295,,1236.5518301030402,2.0195546135925502e-09,1879.7499309709583,71.09021093814133,24.202330019629407,24.22147680125618,6.490811556175472e-08,1.2095131716320706,70.05097988809689,70.03757976553378,1292.0,0.0,104.0,8784.0,train
c2_baseline_noPCM,2,NONE_plain_tank,baseline,0,0.08,8,0.030000000000000002,sim_v1_tamilnadu,1.5515384674072266,True,,0.04,0.04289321169701264,0.9571067883029873,1.3858140714189671e-05,6.929070357094836e-10,46.70409175705556,1.1900646595720985,True,tamilnadu,2.0,,25.935,1749.798578875721,0.5330281915884771,,1136.649422171359,2.713885889861092e-09,1830.5281761832564,80.9598677011825,0.0,0.0,8.067659965923695e-05,0.0,72.0881010643225,72.0881010643225,0.0,0.0,0.0,8784.0,train
c2_n_Octacosane__C28__lhs_000,2,n-Octacosane (C28),lhs,20263717,0.06081146865595585,23,0.01538753172198123,sim_v1_tamilnadu,4.595399379730225,True,,0.030405734327977926,0.054164274514715165,0.9458357254852848,1.1226235065774282e-05,2.8790674698836633e-10,18.20950509770398,0.7079409209528008,True,tamilnadu,2.0,n-Octacosane (C28),25.935,1745.8660730131714,0.5285286866958606,,1147.6016028900347,1.1280306308134622e-09,1826.8084438811782,81.20662655571614,26.94314657808982,26.98468804861531,0.00010595041149238705,2.46447449041954,72.25054537179324,69.13287769687666,59.0,0.0,8.0,8784.0,holdout
c2_n_Octacosane__C28__lhs_001,2,n-Octacosane (C28),lhs,20263717,0.06744132811971358,19,0.025124420618824368,sim_v1_tamilnadu,2.5184545516967773,True,,0.03372066405985679,0.06103241594347352,0.9389675840565265,3.167697828141596e-05,1.326442877126098e-09,32.97356155766991,0.6917113357026639,True,tamilnadu,2.0,n-Octacosane (C28),25.935,1743.9730917668687,0.5279687186125088,,1148.9646132193764,5.196008360427405e-09,1825.036654530817,81.33038478786497,29.060955340798042,29.107739265763954,0.00010064321860195879,2.7769749254280454,72.3546258547903,67.36589768783925,18.0,0.0,3.0,8784.0,train
c2_n_Octacosane__C28__lhs_002,2,n-Octacosane (C28),lhs,20263717,0.07773316289429764,20,0.04630182683721682,sim_v1_tamilnadu,2.636758804321289,True,,0.03886658144714882,0.0983733884938699,0.9016266115061301,0.00018831974312211945,1.4532580226782547e-08,70.0403253395024,0.4749678026756666,True,tamilnadu,2.0,n-Octacosane (C28),25.935,1740.0063030187969,0.524709535407136,,1156.8977445999174,5.693743828027225e-08,1821.2694243904807,81.55204371449193,44.575371972051826,44.65085108582855,0.00011870533474398437,4.475989176471081,72.72380580982455,62.58260074302468,0.0,0.0,0.0,8784.0,holdout
c2_n_Octacosane__C28__lhs_003,2,n-Octacosane (C28),lhs,20263717,0.04351721844409659,9,0.0209116189346658,sim_v1_tamilnadu,3.7771124839782715,True,,0.021758609222048295,0.007767021579406135,0.9922329784205939,1.08449339294647e-06,3.77975209507656e-11,17.708936211632484,3.7062013907495905,True,tamilnadu,2.0,n-Octacosane (C28),25.935,1750.8570198249215,0.5322381500138353,,1138.5724511061521,1.4806443880677132e-10,1831.4821002986048,80.8622088301558,4.745498453350199,4.751449652841814,9.027473139528965e-05,0.35339948186297915,72.03139807270755,71.99836371470252,1381.0,0.0,31.0,8784.0,train
c2_n_Octacosane__C28__lhs_004,2,n-Octacosane (C28),lhs,20263717,0.03580700337234852,15,0.03369516945158959,sim_v1_tamilnadu,1.2636184692382812e-05,False,bounds_violation,,,,,,,,,,,,,,,,,,,,,,,,,,,,,,train
c2_n_Octacosane__C28__lhs_005,2,n-Octacosane (C28),lhs,20263717,0.03435185719660875,17,0.03809245303574689,sim_v1_tamilnadu,3.5762786865234375e-06,False,bounds_violation,,,,,,,,,,,,,,,,,,,,,,,,,,,,,,train
c2_n_Octacosane__C28__lhs_006,2,n-Octacosane (C28),lhs,20263717,0.025497139145497727,12,0.011830247327055324,sim_v1_tamilnadu,2.6226043701171875e-06,False,bounds_violation,,,,,,,,,,,,,,,,,,,,,,,,,,,,,,train
c2_n_Octacosane__C28__lhs_007,2,n-Octacosane (C28),lhs,20263717,0.050333698762400375,11,0.044292499476181135,sim_v1_tamilnadu,3.0847342014312744,True,,0.025166849381200188,0.014689189717914686,0.9853108102820853,9.23770000504856e-06,6.819347043912197e-10,43.384312880142716,2.250831550932578,True,tamilnadu,2.0,n-Octacosane (C28),25.935,1749.770182122437,0.5317295146083867,,1139.8105132959568,2.67130872077986e-09,1830.4788179377688,80.94937527894196,8.504736608050187,8.515990881920006,9.052948820204856e-05,0.6683581321651183,72.0139562464686,71.8083602570328,734.0,0.0,25.0,8784.0,train
c2_n_Octacosane__C28__bnd_dmin_fmin,2,n-Octacosane (C28),boundary,0,0.02,16,0.01,sim_v1_tamilnadu,1.3589859008789062e-05,False,bounds_violation,,,,,,,,,,,,,,,,,,,,,,,,,,,,,,holdout
c2_n_Octacosane__C28__bnd_dmin_fmax,2,n-Octacosane (C28),boundary,0,0.02,16,0.05,sim_v1_tamilnadu,3.337860107421875e-06,False,bounds_violation,,,,,,,,,,,,,,,,,,,,,,,,,,,,,,train
c2_n_Octacosane__C28__bnd_dmax_fmin,2,n-Octacosane (C28),boundary,0,0.08,16,0.01,sim_v1_tamilnadu,2.3453540802001953,True,,0.04,0.08578642339402529,0.9142135766059747,9.646162092929935e-06,1.6076936821549893e-10,15.568030585685188,0.5683656631193826,True,tamilnadu,2.0,n-Octacosane (C28),25.935,1741.1243553285958,0.5255598233354011,,1154.8280708745822,6.299077821162022e-10,1822.2908643540768,81.44772193594183,36.20317438010571,36.26894759351422,0.00011011351011103725,3.903282264428151,72.91605070993468,62.19075746103807,0.0,0.0,0.0,8784.0,train
c2_n_Octacosane__C28__bnd_dmax_fmax,2,n-Octacosane (C28),boundary,0,0.08,16,0.05,sim_v1_tamilnadu,2.3236732482910156,True,,0.04,0.08578642339402529,0.9142135766059747,0.00017926413952761594,1.4938678293967998e-08,77.84015292842594,0.5683656631193826,True,tamilnadu,2.0,n-Octacosane (C28),25.935,1741.2803025948624,0.525718830761216,,1154.441033166057,5.85297415556295e-08,1822.4626905111152,81.4637784240646,38.09164074059301,38.15743172133967,0.00011124667458902976,3.903282264428151,72.73417205865418,62.52991004629883,0.0,0.0,0.0,8784.0,train
c2_n_Octacosane__C28__bnd_nmin,2,n-Octacosane (C28),boundary,0,0.05,8,0.030000000000000002,sim_v1_tamilnadu,2.722937822341919,True,,0.025,0.010471975511965978,0.989528024488034,2.988850618139812e-06,1.4944253090699062e-10,29.19005734815973,3.149765528504569,True,tamilnadu,2.0,n-Octacosane (C28),25.935,1750.186181037781,0.5320541003164645,,1139.020443850894,5.854037541947038e-10,1830.8628941904558,80.9149198507678,5.9944116443386815,6.002433589868565,8.910907977037603e-05,0.476474885794452,72.06807298957163,71.90782823995025,708.0,0.0,24.0,8784.0,train
c2_n_Octacosane__C28__bnd_nmax,2,n-Octacosane (C28),boundary,0,0.05,24,0.030000000000000002,sim_v1_tamilnadu,2.7425789833068848,True,,0.025,0.031415926535897934,0.968584073464102,1.013133310886751e-05,5.065666554433756e-10,29.19005734815973,1.027699620612634,True,tamilnadu,2.0,n-Octacosane (C28),25.935,1748.1329110887445,0.5304314181119507,,1142.9701914735663,1.9844537657589765e-09,1828.9610459769274,81.0788997753819,18.023344036057015,18.047427185277215,9.658766121323061e-05,1.4294246573833562,71.86820735310557,71.38690857325909,616.0,0.0,20.0,8784.0,train
c2_PureTemp_58_lhs_000,2,PureTemp 58,lhs,20263395,0.028770573649050717,18,0.011377130001212599,sim_v1_tamilnadu,1.430511474609375e-05,False,bounds_violation,,,,,,,,,,,,,,,,,,,,,,,,,,,,,,train
c2_PureTemp_58_lhs_001,2,PureTemp 58,lhs,20263395,0.061727725369962363,13,0.021249975549722758,sim_v1_tamilnadu,2.7297921180725098,True,,0.030863862684981182,0.03201937065753704,0.967980629342463,5.206536031509613e-06,1.843979389472164e-10,25.525978412952,1.2440644777305574,True,tamilnadu,2.0,PureTemp 58,25.935,1748.162563560706,0.5321801319925525,,1138.7136719447096,7.2219965005081e-10,1829.0502278757901,81.13759373245358,22.00484878746099,22.03021181773976,8.812196434379792e-05,1.4248619942603982,72.00089276491083,71.25377606411494,367.0,0.0,55.0,8784.0,holdout
c2_PureTemp_58_lhs_002,2,PureTemp 58,lhs,20263395,0.050572156828233406,22,0.030180987686324608,sim_v1_tamilnadu,2.969238042831421,True,,0.025286078414116703,0.02979790470625015,0.9702020952937499,9.615630903526498e-06,4.836820631592927e-10,29.702199677462378,1.0977329446922433,True,tamilnadu,2.0,PureTemp 58,25.935,1749.498831457704,0.5323348070646123,,1138.3371795567018,1.8942265976493865e-09,1830.3189706794183,81.07036498463405,23.05941145609215,23.083041795688825,9.390305441714895e-05,1.3260067594281317,71.61404529119999,71.59723217173736,961.0,0.0,84.0,8784.0,train
c2_PureTemp_58_lhs_003,2,PureTemp 58,lhs,20263395,0.07027695828569207,18,0.04404103607720152,sim_v1_tamilnadu,2.5004167556762695,True,,0.035138479142846034,0.06542443662857304,0.934575563371427,9.965905525667218e-05,7.315146746631533e-09,60.23018160633262,0.6692619380609915,True,tamilnadu,2.0,PureTemp 58,25.935,1745.887668496695,0.5312636047066204,,1140.9445779463006,2.8645708262801604e-08,1826.9333570729868,81.3158887907476,42.37841647727847,42.43027625347022,9.67254528458567e-05,2.9113874299715006,72.17874651982403,69.71435769470936,161.0,0.0,39.0,8784.0,train
c2_PureTemp_58_lhs_004,2,PureTemp 58,lhs,20263395,0.04530172032346393,11,0.016780709849980507,sim_v1_tamilnadu,2.9012656211853027,True,,0.022650860161731966,0.010709406088702602,0.9892905939112974,9.918953647224311e-07,2.7741180528246185e-11,14.793424239712763,2.789856906025827,True,tamilnadu,2.0,PureTemp 58,25.935,1750.6289026769255,0.5326330673449493,,1137.6111884600339,1.0866336001149789e-10,1831.308897679235,80.91850937968101,8.574643672119874,8.58313218963746,8.857999806617385e-05,0.4765685709472658,71.97953430347215,71.97275362594952,1990.0,0.0,93.0,8784.0,train
c2_PureTemp_58_lhs_005,2,PureTemp 58,lhs,20263395,0.07281027632110572,14,0.027196859045328703,sim_v1_tamilnadu,4.712888717651367,True,,0.03640513816055286,0.056589348152880546,0.9434106518471195,1.6434360489018823e-05,7.449383095332737e-10,38.534978306797406,0.8092216702419199,True,tamilnadu,2.0,PureTemp 58,25.935,1746.3439164389674,0.5313157308800178,,1140.8176983706924,2.917395693807549e-09,1827.3171879626102,81.23799278153226,35.24392639585819,35.28876219671899,9.387522427575823e-05,2.5182259928031843,72.29611652072093,68.71926736524559,38.0,0.0,29.0,8784.0,train
c2_PureTemp_58_lhs_006,2,PureTemp 58,lhs,20263395,0.02118741474130973,21,0.03527403926805497,sim_v1_tamilnadu,1.6927719116210938e-05,False,bounds_violation,,,,,,,,,,,,,,,,,,,,,,,,,,,,,,train
c2_PureTemp_58_lhs_007,2,PureTemp 58,lhs,20263395,0.03962362880405314,9,0.04670726408016647,sim_v1_tamilnadu,4.5299530029296875e-06,False,bounds_violation,,,,,,,,,,,,,,,,,,,,,,,,,,,,,,train
c2_PureTemp_58_bnd_dmin_fmin,2,PureTemp 58,boundary,0,0.02,16,0.01,sim_v1_tamilnadu,3.337860107421875e-06,False,bounds_violation,,,,,,,,,,,,,,,,,,,,,,,,,,,,,,holdout
c2_PureTemp_58_bnd_dmin_fmax,2,PureTemp 58,boundary,0,0.02,16,0.05,sim_v1_tamilnadu,3.0994415283203125e-06,False,bounds_violation,,,,,,,,,,,,,,,,,,,,,,,,,,,,,,train
c2_PureTemp_58_bnd_dmax_fmin,2,PureTemp 58,boundary,0,0.08,16,0.01,sim_v1_tamilnadu,3.4862492084503174,True,,0.04,0.08578642339402529,0.9142135766059747,9.646162092929935e-06,1.6076936821549893e-10,15.568030585685188,0.5683656631193826,True,tamilnadu,2.0,PureTemp 58,25.935,1743.6384386209575,0.5297120780903474,,1144.7211267659588,6.295237219593628e-10,1824.710321998969,81.3537816440397,48.28323516592653,48.35120403095811,9.979397553055578e-05,3.8174958410341255,72.74022908624984,63.898292127478896,0.0,0.0,13.0,8784.0,train
c2_PureTemp_58_bnd_dmax_fmax,2,PureTemp 58,boundary,0,0.08,16,0.05,sim_v1_tamilnadu,3.396402359008789,True,,0.04,0.08578642339402529,0.9142135766059747,0.00017926413952761594,1.4938678293967998e-08,77.84015292842594,0.5683656631193826,True,tamilnadu,2.0,PureTemp 58,25.935,1744.0080990459692,0.5301342925505879,,1143.6934205669545,5.849737441929132e-08,1825.106309422471,81.380397130276,50.947656156700475,51.015654453773664,0.00010106282916693204,3.8174958410341255,72.54880511787,66.57709018180812,8.0,0.0,19.0,8784.0,train
c2_PureTemp_58_bnd_nmin,2,PureTemp 58,boundary,0,0.05,8,0.030000000000000002,sim_v1_tamilnadu,5.571511507034302,True,,0.025,0.010471975511965978,0.989528024488034,2.988850618139812e-06,1.4944253090699062e-10,29.19005734815973,3.149765528504569,True,tamilnadu,2.0,PureTemp 58,25.935,1750.634427095441,0.5326402348044179,,1137.5937422491138,5.853746959248364e-10,1831.3116545643777,80.9155866017734,8.151883218450443,8.160182747070044,8.848206611496105e-05,0.466002910282486,71.977108385273,71.97090484454877,1132.0,0.0,89.0,8784.0,train
c2_PureTemp_58_bnd_nmax,2,PureTemp 58,boundary,0,0.05,24,0.030000000000000002,sim_v1_tamilnadu,4.969179391860962,True,,0.025,0.031415926535897934,0.968584073464102,1.013133310886751e-05,5.065666554433756e-10,29.19005734815973,1.027699620612634,True,tamilnadu,2.0,PureTemp 58,25.935,1749.4052809881944,0.5323057004228333,,1138.408027618541,1.9838135217917687e-09,1830.2383932473087,81.08433593222425,24.432196769316743,24.457111939613423,9.440893502780646e-05,1.3980087308474582,71.58841545427428,71.57149107884008,983.0,0.0,84.0,8784.0,holdout
c2_n_Hexacosane__C26__lhs_000,2,n-Hexacosane (C26),lhs,20262941,0.06899962741736945,18,0.044780774935807906,sim_v1_tamilnadu,3.3899178504943848,True,,0.034499813708684726,0.061921484570167544,0.9380785154298324,9.607606897449535e-05,7.170601369106723e-09,60.128731187912926,0.6968724829753368,True,tamilnadu,2.0,n-Hexacosane (C26),25.935,1746.1341309435786,0.5319386283042771,,1139.301512629706,2.8066430900461366e-08,1827.2717998191565,81.39356073110937,43.28598218886099,43.32166321208233,0.00010305861769509484,2.3839771559514507,71.45487331931588,71.05202697863743,554.0,0.0,86.0,8784.0,train
c2_n_Hexacosane__C26__lhs_001,2,n-Hexacosane (C26),lhs,20262941,0.020683321382987698,13,0.03707475990938451,sim_v1_tamilnadu,1.6450881958007812e-05,False,bounds_violation,,,,,,,,,,,,,,,,,,,,,,,,,,,,,,holdout
c2_n_Hexacosane__C26__lhs_002,2,n-Hexacosane (C26),lhs,20262941,0.059342530943205976,9,0.047874239403792845,sim_v1_tamilnadu,3.2250828742980957,True,,0.029671265471602988,0.019695604835752473,0.9803043951642475,1.458914560007264e-05,1.1640737485911144e-09,55.28555087270526,1.969093930309945,True,tamilnadu,2.0,n-Hexacosane (C26),25.935,1750.0364154490953,0.5325918301716068,,1137.7115632758312,4.559305016325285e-09,1830.7983014275055,81.0019561029675,14.924381341913094,14.935721790984726,9.264884532266348e-05,0.7582807861764703,71.87349444268304,71.86442219282199,1904.0,0.0,116.0,8784.0,train
c2_n_Hexacosane__C26__lhs_003,2,n-Hexacosane (C26),lhs,20262941,0.07405644125808881,22,0.013285632104640427,sim_v1_tamilnadu,2.958399772644043,True,,0.03702822062904441,0.09357068613609301,0.906429313863907,1.841563274012989e-05,4.077722025992284e-10,19.146471504627897,0.47826181473928747,True,tamilnadu,2.0,n-Hexacosane (C26),25.935,1743.6325411046682,0.5310454554915018,,1141.4755718411036,1.5957428893381306e-09,1824.9054235985204,81.54160595378816,60.16286829917167,60.21683918832528,0.0001202739640507816,3.6024714162395814,72.0030354270344,69.92012968744008,206.0,0.0,55.0,8784.0,holdout
c2_n_Hexacosane__C26__lhs_004,2,n-Hexacosane (C26),lhs,20262941,0.05115637693537897,21,0.024621374634253995,sim_v1_tamilnadu,3.702025890350342,True,,0.025578188467689486,0.02944064014323874,0.9705593598567612,6.410191620159645e-06,2.6304621559551036e-10,24.510702810434392,1.1243030090248698,True,tamilnadu,2.0,n-Hexacosane (C26),25.935,1749.4399457476886,0.532489104466541,,1137.961606450177,1.0300451392389471e-09,1830.299112430157,81.10328469024094,23.36610813798681,23.38306929446821,9.661404770311858e-05,1.1334646455146915,71.75133971502392,71.7417706010277,2355.0,0.0,122.0,8784.0,train
c2_n_Hexacosane__C26__lhs_005,2,n-Hexacosane (C26),lhs,20262941,0.0389480134422625,16,0.0159732878614073,sim_v1_tamilnadu,1.5497207641601562e-05,False,bounds_violation,,,,,,,,,,,,,,,,,,,,,,,,,,,,,,train
c2_n_Hexacosane__C26__lhs_006,2,n-Hexacosane (C26),lhs,20262941,0.028726295192587153,10,0.026496660259209152,sim_v1_tamilnadu,3.814697265625e-06,False,bounds_violation,,,,,,,,,,,,,,,,,,,,,,,,,,,,,,train
c2_n_Hexacosane__C26__lhs_007,2,n-Hexacosane (C26),lhs,20262941,0.048550261348213844,14,0.030740859242808803,sim_v1_tamilnadu,4.070377349853516,True,,0.024275130674106922,0.016777659255551036,0.9832223407444489,5.22750025403022e-06,2.6782974916815044e-10,29.0436546215047,1.896796244714596,True,tamilnadu,2.0,n-Hexacosane (C26),25.935,1750.229509193469,0.532595148473602,,1137.7034862442472,1.0490258899136049e-09,1830.978218114863,80.98759679583526,13.639630359205517,13.649291389936465,9.165463118247488e-05,0.6459398813387149,71.93964691274086,71.93525667419868,2857.0,0.0,134.0,8784.0,train
c2_n_Hexacosane__C26__bnd_dmin_fmin,2,n-Hexacosane (C26),boundary,0,0.02,16,0.01,sim_v1_tamilnadu,1.5974044799804688e-05,False,bounds_violation,,,,,,,,,,,,,,,,,,,,,,,,,,,,,,train
c2_n_Hexacosane__C26__bnd_dmin_fmax,2,n-Hexacosane (C26),boundary,0,0.02,16,0.05,sim_v1_tamilnadu,4.291534423828125e-06,False,bounds_violation,,,,,,,,,,,,,,,,,,,,,,,,,,,,,,train
c2_n_Hexacosane__C26__bnd_dmax_fmin,2,n-Hexacosane (C26),boundary,0,0.08,16,0.01,sim_v1_tamilnadu,3.192075729370117,True,,0.04,0.08578642339402529,0.9142135766059747,9.646162092929935e-06,1.6076936821549893e-10,15.568030585685188,0.5683656631193826,True,tamilnadu,2.0,n-Hexacosane (C26),25.935,1743.831581996216,0.5306622737815474,,1142.4082689790482,6.294299398282406e-10,1824.9825625390988,81.41635378028596,51.510477972867285,51.55992724593083,0.00011403941435421268,3.3027773006699737,72.49739573127057,68.58318885405856,35.0,0.0,42.0,8784.0,train
c2_n_Hexacosane__C26__bnd_dmax_fmax,2,n-Hexacosane (C26),boundary,0,0.08,16,0.05,sim_v1_tamilnadu,2.6601674556732178,True,,0.04,0.08578642339402529,0.9142135766059747,0.00017926413952761594,1.4938678293967998e-08,77.84015292842594,0.5683656631193826,True,tamilnadu,2.0,n-Hexacosane (C26),25.935,1744.1602474246129,0.5311220299250003,,1141.2891831040934,5.846936439747288e-08,1825.3794397167985,81.48470905164588,54.97740214060245,55.02686544621692,0.00011508529623538636,3.3027773006699737,72.09539412770386,70.16152460908573,229.0,0.0,58.0,8784.0,holdout
c2_n_Hexacosane__C26__bnd_nmin,2,n-Hexacosane (C26),boundary,0,0.05,8,0.030000000000000002,sim_v1_tamilnadu,3.0174007415771484,True,,0.025,0.010471975511965978,0.989528024488034,2.988850618139812e-06,1.4944253090699062e-10,29.19005734815973,3.149765528504569,True,tamilnadu,2.0,n-Hexacosane (C26),25.935,1750.6218236107352,0.5326664688111887,,1137.5298864271986,5.853809226969063e-10,1831.3117692707392,80.9262162565136,8.41667315082263,8.42270131389144,8.935827505146024e-05,0.4031710572106902,72.02445341901965,72.02115626288239,2762.0,0.0,131.0,8784.0,train
c2_n_Hexacosane__C26__bnd_nmax,2,n-Hexacosane (C26),boundary,0,0.05,24,0.030000000000000002,sim_v1_tamilnadu,3.1632306575775146,True,,0.025,0.031415926535897934,0.968584073464102,1.013133310886751e-05,5.065666554433756e-10,29.19005734815973,1.027699620612634,True,tamilnadu,2.0,n-Hexacosane (C26),25.935,1749.3188671087585,0.5324449413319683,,1138.069103306495,1.983525060223912e-09,1830.1981088207383,81.12418253861428,25.266477566275405,25.28457893851528,9.747748610178025e-05,1.2095131716320706,71.73082223419702,71.72203337081623,2499.0,0.0,126.0,8784.0,train
c3_baseline_noPCM,3,NONE_plain_tank,baseline,0,0.08,8,0.030000000000000002,sim_v1_tamilnadu,1.5126025676727295,True,,0.04,0.04289321169701264,0.9571067883029873,1.3858140714189671e-05,6.929070357094836e-10,46.70409175705556,1.1900646595720985,True,tamilnadu,3.0,,25.787,1816.5040378565952,0.5442213253493946,,1118.0165881898743,2.737213760063228e-09,1894.972744458417,78.69802209237122,0.0,0.0,9.792063875581539e-09,0.0,70.36643638447819,70.36643638447819,0.0,0.0,0.0,8784.0,train
c3_n_Octacosane__C28__lhs_000,3,n-Octacosane (C28),lhs,20264717,0.030147830957131506,11,0.018305157237471364,sim_v1_tamilnadu,1.2874603271484375e-05,False,bounds_violation,,,,,,,,,,,,,,,,,,,,,,,,,,,,,,train
c3_n_Octacosane__C28__lhs_001,3,n-Octacosane (C28),lhs,20264717,0.06771645828504194,21,0.02503023091119153,sim_v1_tamilnadu,2.320155382156372,True,,0.03385822914252097,0.06828583419610224,0.9317141658038978,3.658220239183604e-05,1.5261016218459984e-09,32.983958911914726,0.6159636102665601,True,tamilnadu,3.0,n-Octacosane (C28),25.787,1809.4086831715747,0.5381786582912196,,1132.8391377817945,6.03128078467107e-09,1888.2984960131223,79.16001440009607,33.49900139424276,33.55138972437305,1.489497574834491e-07,3.1070054559226516,70.50315004692102,62.412758379433036,0.0,0.0,0.0,8784.0,holdout
c3_n_Octacosane__C28__lhs_002,3,n-Octacosane (C28),lhs,20264717,0.03689788333117627,18,0.04569326779072162,sim_v1_tamilnadu,1.2636184692382812e-05,False,bounds_violation,,,,,,,,,,,,,,,,,,,,,,,,,,,,,,train
c3_n_Octacosane__C28__lhs_003,3,n-Octacosane (C28),lhs,20264717,0.07754063943145527,15,0.010066744043402227,sim_v1_tamilnadu,2.494544506072998,True,,0.038770319715727634,0.07323319994873637,0.9267668000512637,7.697743695750464e-06,1.2915202582805506e-10,15.190151089785573,0.6541849901421988,True,tamilnadu,3.0,n-Octacosane (C28),25.787,1808.6634474199282,0.5374999841420248,,1134.5039128118176,5.104195687412117e-10,1887.554607143738,79.16402551678922,32.27683185708224,32.3330005727601,1.5778658400953217e-07,3.3321105976675045,70.80809202728663,61.845355128311716,0.0,0.0,0.0,8784.0,train
c3_n_Octacosane__C28__lhs_004,3,n-Octacosane (C28),lhs,20264717,0.060543557265551315,9,0.031397785815203694,sim_v1_tamilnadu,2.7238996028900146,True,,0.030271778632775657,0.020915821704616335,0.9790841782953836,6.798733620260064e-06,3.557753033725831e-10,36.99224137948574,1.8893907159076178,True,tamilnadu,3.0,n-Octacosane (C28),25.787,1815.775725118006,0.5422789449854551,,1122.7812109952818,1.4058609352493013e-09,1894.2590369167585,78.72694444410963,11.025888538884436,11.04192270299704,4.3776593082310885e-08,0.9516698875600433,70.16951469059109,66.8192449576082,26.0,0.0,2.0,8784.0,train
c3_n_Octacosane__C28__lhs_005,3,n-Octacosane (C28),lhs,20264717,0.027097666094809333,13,0.041359148738669464,sim_v1_tamilnadu,1.1920928955078125e-05,False,bounds_violation,,,,,,,,,,,,,,,,,,,,,,,,,,,,,,holdout
c3_n_Octacosane__C28__lhs_006,3,n-Octacosane (C28),lhs,20264717,0.049299384312592925,18,0.021606251428640318,sim_v1_tamilnadu,2.772937059402466,True,,0.024649692156296463,0.022585286789482288,0.9774147132105178,3.6833019268018606e-06,1.3263724586346057e-10,20.728344136503974,1.4223402468013782,True,tamilnadu,3.0,n-Octacosane (C28),25.787,1815.6002864988727,0.5422103170950174,,1122.9495539305467,5.241216035823916e-10,1894.1145715855343,78.75895605937615,13.615518678200182,13.632836713741678,4.647097866974648e-08,1.0276305489214441,70.0545414496456,69.72306997057916,141.0,0.0,9.0,8784.0,train
c3_n_Octacosane__C28__lhs_007,3,n-Octacosane (C28),lhs,20264717,0.05183818262640254,23,0.037747049220159985,sim_v1_tamilnadu,2.772768974304199,True,,0.02591909131320127,0.03355102218099967,0.9664489778190003,1.6945184894456832e-05,1.0660512137596228e-09,38.07820467909671,0.9954780382151408,True,tamilnadu,3.0,n-Octacosane (C28),25.787,1814.4335202755774,0.5413014332845094,,1125.1790289661308,4.212767883982299e-09,1893.0318977471286,78.84960617206814,20.056934152436284,20.082670893218896,8.037373714147569e-08,1.5265715092354852,70.05932927015364,69.38366682153868,120.0,0.0,7.0,8784.0,train
c3_n_Octacosane__C28__bnd_dmin_fmin,3,n-Octacosane (C28),boundary,0,0.02,16,0.01,sim_v1_tamilnadu,1.3589859008789062e-05,False,bounds_violation,,,,,,,,,,,,,,,,,,,,,,,,,,,,,,train
c3_n_Octacosane__C28__bnd_dmin_fmax,3,n-Octacosane (C28),boundary,0,0.02,16,0.05,sim_v1_tamilnadu,3.337860107421875e-06,False,bounds_violation,,,,,,,,,,,,,,,,,,,,,,,,,,,,,,train
c3_n_Octacosane__C28__bnd_dmax_fmin,3,n-Octacosane (C28),boundary,0,0.08,16,0.01,sim_v1_tamilnadu,2.5773847103118896,True,,0.04,0.08578642339402529,0.9142135766059747,9.646162092929935e-06,1.6076936821549893e-10,15.568030585685188,0.5683656631193826,True,tamilnadu,3.0,n-Octacosane (C28),25.787,1807.1981291006134,0.5363265438393376,,1137.382339988474,6.354141329778448e-10,1886.1690550185417,79.2511260865705,37.464590467499676,37.53040907521236,2.9819114589191185e-07,3.903282264428151,70.97377793346237,61.765247087495375,0.0,0.0,0.0,8784.0,train
c3_n_Octacosane__C28__bnd_dmax_fmax,3,n-Octacosane (C28),boundary,0,0.08,16,0.05,sim_v1_tamilnadu,2.2864882946014404,True,,0.04,0.08578642339402529,0.9142135766059747,0.00017926413952761594,1.4938678293967998e-08,77.84015292842594,0.5683656631193826,True,tamilnadu,3.0,n-Octacosane (C28),25.787,1807.3342997509653,0.5364583207177721,,1137.059093763445,5.9042636177046196e-08,1886.318793154816,79.2648757205653,39.26720236457505,39.33303849892465,3.392042956167356e-07,3.903282264428151,70.83983267547961,62.02675946529774,0.0,0.0,0.0,8784.0,holdout
c3_n_Octacosane__C28__bnd_nmin,3,n-Octacosane (C28),boundary,0,0.05,8,0.030000000000000002,sim_v1_tamilnadu,3.0329501628875732,True,,0.025,0.010471975511965978,0.989528024488034,2.988850618139812e-06,1.4944253090699062e-10,29.19005734815973,3.149765528504569,True,tamilnadu,3.0,n-Octacosane (C28),25.787,1816.8817726280263,0.5431954240180357,,1120.533105021612,5.905159341062197e-10,1895.2994128422342,78.65504471146589,6.347700052538844,6.355726098193945,3.314457740522396e-08,0.476474885794452,70.15090899081542,70.1048292533868,215.0,0.0,15.0,8784.0,train
c3_n_Octacosane__C28__bnd_nmax,3,n-Octacosane (C28),boundary,0,0.05,24,0.030000000000000002,sim_v1_tamilnadu,2.937429189682007,True,,0.025,0.031415926535897934,0.968584073464102,1.013133310886751e-05,5.065666554433756e-10,29.19005734815973,1.027699620612634,True,tamilnadu,3.0,n-Octacosane (C28),25.787,1814.6610405393817,0.5414862222047956,,1124.725745191167,2.0018247806519583e-09,1893.2452371592533,78.83415500088289,19.062805266032846,19.086902713122157,7.07665706407108e-08,1.4294246573833562,70.03657796321406,69.49651863850859,143.0,0.0,10.0,8784.0,train
c3_PureTemp_58_lhs_000,3,PureTemp 58,lhs,20264395,0.02522713214231332,10,0.017375935750158944,sim_v1_tamilnadu,2.47955322265625e-05,False,bounds_violation,,,,,,,,,,,,,,,,,,,,,,,,,,,,,,train
c3_PureTemp_58_lhs_001,3,PureTemp 58,lhs,20264395,0.07126758984895869,11,0.012303074036560033,sim_v1_tamilnadu,3.0458505153656006,True,,0.035633794924479344,0.041696300017420675,0.9583036999825794,2.541980551076526e-06,5.2123624865650296e-11,17.062764574156326,1.091959318733542,True,tamilnadu,3.0,PureTemp 58,25.787,1813.8657658402763,0.5427683189146311,,1121.5807858743262,2.0596650365675692e-10,1892.5338119110365,78.9227330523839,26.926979742245226,26.96001886586793,2.758059994107933e-08,1.8554853507752203,70.2858246571473,64.35518776786628,0.0,0.0,22.0,8784.0,train
c3_PureTemp_58_lhs_002,3,PureTemp 58,lhs,20264395,0.05240869249409871,14,0.02196408570044375,sim_v1_tamilnadu,3.385723114013672,True,,0.026204346247049357,0.021104089912409783,0.9788959100875902,3.487727660464929e-06,1.276745820570998e-10,22.400625409864283,1.6206228255103645,True,tamilnadu,3.0,PureTemp 58,25.787,1815.4928437702163,0.5436586512245503,,1119.3968173236824,5.044529132554811e-10,1894.110238747564,78.85976564696792,17.265580533550324,17.282304986586247,1.8567357145175708e-08,0.9391320011022354,69.96724076800005,69.92028616797329,526.0,0.0,97.0,8784.0,train
c3_PureTemp_58_lhs_003,3,PureTemp 58,lhs,20264395,0.061378719887803385,14,0.049545557229487135,sim_v1_tamilnadu,2.95035982131958,True,,0.030689359943901692,0.033900814551654106,0.9660991854483459,2.8559767294618944e-05,2.3583493082606297e-09,59.17881068835976,1.1661063226493247,True,tamilnadu,3.0,PureTemp 58,25.787,1814.645831411208,0.5433860655538287,,1120.0654648899672,9.31882076249121e-09,1893.3438905448716,78.94822949187773,25.870109860357836,25.89698148505622,2.5325410624654693e-08,1.508586247548608,70.02596910019342,69.28151555360633,155.0,0.0,62.0,8784.0,holdout
c3_PureTemp_58_lhs_004,3,PureTemp 58,lhs,20264395,0.0799673122318213,21,0.03849794509884689,sim_v1_tamilnadu,2.970796823501587,True,,0.03998365611591065,0.11245671950977237,0.8875432804902277,0.00016149823683229986,1.036225042521742e-08,59.90922993470963,0.42075120656558845,False,tamilnadu,3.0,PureTemp 58,25.787,1808.1527190655033,0.5401195558034264,,1128.0781523840308,4.094815959697892e-08,1887.2186705683193,79.36301457174461,69.73518315712055,69.8244410030279,2.524117191146203e-07,5.004324018184871,70.77495494215006,62.66305744214425,0.0,0.0,11.0,8784.0,train
c3_PureTemp_58_lhs_005,3,PureTemp 58,lhs,20264395,0.03143108728514054,23,0.04025224884873528,sim_v1_tamilnadu,1.2159347534179688e-05,False,bounds_violation,,,,,,,,,,,,,,,,,,,,,,,,,,,,,,train
c3_PureTemp_58_lhs_006,3,PureTemp 58,lhs,20264395,0.04861430459319118,19,0.026780311316335244,sim_v1_tamilnadu,3.0067849159240723,True,,0.02430715229659559,0.022859906625945167,0.9771400933740548,5.652650135224684e-06,2.522995506394026e-10,25.33514464909932,1.3853362543365595,True,tamilnadu,3.0,PureTemp 58,25.787,1816.554754829392,0.5436479954685454,,1119.4229556944222,9.969196244229638e-10,1895.1006999362362,78.79109334431607,19.527501234171208,19.545637805853048,4.1740800108980694e-08,1.01726584485456,69.9852808108792,69.95610803031627,804.0,0.0,104.0,8784.0,train
c3_PureTemp_58_lhs_007,3,PureTemp 58,lhs,20264395,0.03707874713749101,17,0.034260345443434724,sim_v1_tamilnadu,1.3589859008789062e-05,False,bounds_violation,,,,,,,,,,,,,,,,,,,,,,,,,,,,,,holdout
c3_PureTemp_58_bnd_dmin_fmin,3,PureTemp 58,boundary,0,0.02,16,0.01,sim_v1_tamilnadu,3.337860107421875e-06,False,bounds_violation,,,,,,,,,,,,,,,,,,,,,,,,,,,,,,train
c3_PureTemp_58_bnd_dmin_fmax,3,PureTemp 58,boundary,0,0.02,16,0.05,sim_v1_tamilnadu,2.1457672119140625e-06,False,bounds_violation,,,,,,,,,,,,,,,,,,,,,,,,,,,,,,train
c3_PureTemp_58_bnd_dmax_fmin,3,PureTemp 58,boundary,0,0.08,16,0.01,sim_v1_tamilnadu,2.7599315643310547,True,,0.04,0.08578642339402529,0.9142135766059747,9.646162092929935e-06,1.6076936821549893e-10,15.568030585685188,0.5683656631193826,True,tamilnadu,3.0,PureTemp 58,25.787,1809.9495468907883,0.5406540105828446,,1126.7671447782338,6.35280158504948e-10,1888.8254686367366,79.15674748317791,50.507063242719,50.57507747623739,7.113039197083223e-08,3.8174958410341255,70.76310666359706,62.37078879726353,0.0,0.0,9.0,8784.0,holdout
c3_PureTemp_58_bnd_dmax_fmax,3,PureTemp 58,boundary,0,0.08,16,0.05,sim_v1_tamilnadu,3.1246235370635986,True,,0.04,0.08578642339402529,0.9142135766059747,0.00017926413952761594,1.4938678293967998e-08,77.84015292842594,0.5683656631193826,True,tamilnadu,3.0,PureTemp 58,25.787,1810.341983666733,0.5411162865050083,,1125.6331905630743,5.9030187278425053e-08,1889.248426292727,79.1875664168619,53.448756663877994,53.516800520205315,9.091663461475912e-08,3.8174958410341255,70.6211366872487,63.020542088684664,0.0,0.0,13.0,8784.0,train
c3_PureTemp_58_bnd_nmin,3,PureTemp 58,boundary,0,0.05,8,0.030000000000000002,sim_v1_tamilnadu,3.0898125171661377,True,,0.025,0.010471975511965978,0.989528024488034,2.988850618139812e-06,1.4944253090699062e-10,29.19005734815973,3.149765528504569,True,tamilnadu,3.0,PureTemp 58,25.787,1817.353491631868,0.5438350860970247,,1118.9640258721895,5.905034805619895e-10,1895.7841208129753,78.6681763214669,8.871469741386903,8.879774184383146,3.13549286053302e-08,0.466002910282486,70.23362288787627,70.20928525111981,813.0,0.0,108.0,8784.0,train
c3_PureTemp_58_bnd_nmax,3,PureTemp 58,boundary,0,0.05,24,0.030000000000000002,sim_v1_tamilnadu,3.2313082218170166,True,,0.025,0.031415926535897934,0.968584073464102,1.013133310886751e-05,5.065666554433756e-10,29.19005734815973,1.027699620612634,True,tamilnadu,3.0,PureTemp 58,25.787,1816.0050828421283,0.5435157814273797,,1119.7472742714774,2.0016137112125e-09,1894.6257142195561,78.8710099187279,26.556006259138353,26.580937551613307,5.171727035026762e-08,1.3980087308474582,69.8012688701527,69.76490962778286,691.0,0.0,100.0,8784.0,train
c3_n_Hexacosane__C26__lhs_000,3,n-Hexacosane (C26),lhs,20263941,0.02634574431350223,19,0.03871751543860644,sim_v1_tamilnadu,1.3113021850585938e-05,False,bounds_violation,,,,,,,,,,,,,,,,,,,,,,,,,,,,,,holdout
c3_n_Hexacosane__C26__lhs_001,3,n-Hexacosane (C26),lhs,20263941,0.059036411397335814,17,0.04699897656147397,sim_v1_tamilnadu,3.127906560897827,True,,0.029518205698667907,0.03663003982103861,0.9633699601789614,2.82986911171077e-05,2.2166825342222278e-09,53.99481289709774,1.0351049862321724,True,tamilnadu,3.0,n-Hexacosane (C26),25.787,1815.6993611273535,0.5437402990607593,,1119.1965367042756,8.757466160287065e-09,1894.3599493954991,78.90665144908743,30.434900723732927,30.45602104423149,1.095986796110403e-07,1.4102565331099866,69.83196180686426,69.79678842229407,1321.0,0.0,136.0,8784.0,holdout
c3_n_Hexacosane__C26__lhs_002,3,n-Hexacosane (C26),lhs,20263941,0.07681723762095102,9,0.040127598232295045,sim_v1_tamilnadu,2.907499313354492,True,,0.03840861881047551,0.04272156803948202,0.957278431960518,2.4313579192868833e-05,1.6260758957342149e-09,59.98539754727204,1.1475153831645124,True,tamilnadu,3.0,n-Hexacosane (C26),25.787,1813.9890165796876,0.5433587301972523,,1120.1325180098172,6.425032383028028e-09,1892.6999991082273,78.95782970723644,30.379423454203586,30.40402760542299,4.296116841495906e-08,1.6447803695200578,70.20769520998503,68.61337185081565,66.0,0.0,69.0,8784.0,train
c3_n_Hexacosane__C26__lhs_003,3,n-Hexacosane (C26),lhs,20263941,0.045410410254389064,10,0.03461098108289828,sim_v1_tamilnadu,3.2916994094848633,True,,0.022705205127194532,0.009806067862992958,0.990193932137007,3.7271532844922494e-06,2.150007197043724e-10,30.585319715832096,3.056958427372745,True,tamilnadu,3.0,n-Hexacosane (C26),25.787,1817.4327045829727,0.5438570009595327,,1118.9102691231913,8.495036770050963e-10,1895.860409932229,78.66284620122082,8.938598377113356,8.944246756348273,3.331760708075726e-08,0.3775336127252289,70.30772205455081,70.29491289335695,4055.0,0.0,162.0,8784.0,holdout
c3_n_Hexacosane__C26__lhs_004,3,n-Hexacosane (C26),lhs,20263941,0.0279789380005378,13,0.020307000215006837,sim_v1_tamilnadu,1.3113021850585938e-05,False,bounds_violation,,,,,,,,,,,,,,,,,,,,,,,,,,,,,,train
c3_n_Hexacosane__C26__lhs_005,3,n-Hexacosane (C26),lhs,20263941,0.053073760775585954,22,0.011394504246949683,sim_v1_tamilnadu,3.2016000747680664,True,,0.026536880387792977,0.034442200176794925,0.9655577998232051,1.846257635600799e-06,3.506198411636097e-11,11.768442408033776,0.9919185073305172,True,tamilnadu,3.0,n-Hexacosane (C26),25.787,1815.8709326808032,0.5437951201177724,,1119.0620616738897,1.385196728321246e-10,1894.5158103476165,78.89005722097112,28.759480783072206,28.779338281040555,9.559100646698742e-08,1.3260247068066047,69.87406660591115,69.83703313765149,1340.0,0.0,136.0,8784.0,train
c3_n_Hexacosane__C26__lhs_006,3,n-Hexacosane (C26),lhs,20263941,0.03942274942556684,15,0.025947327957108954,sim_v1_tamilnadu,1.2159347534179688e-05,False,bounds_violation,,,,,,,,,,,,,,,,,,,,,,,,,,,,,,train
c3_n_Hexacosane__C26__lhs_007,3,n-Hexacosane (C26),lhs,20263941,0.06989380359453487,21,0.017630031611753777,sim_v1_tamilnadu,2.855611562728882,True,,0.034946901797267435,0.07508685917152366,0.9249131408284763,2.194640453876105e-05,6.448596763044899e-10,23.979242265402323,0.5739637012418497,True,tamilnadu,3.0,n-Hexacosane (C26),25.787,1811.82727007026,0.543160745297989,,1120.6181712750938,2.5475718895485927e-09,1890.792872571,79.2255815324336,55.245076094972326,55.28838757261667,3.0178563409625396e-07,2.890844078103661,70.13665728103727,68.48032495084091,79.0,0.0,74.0,8784.0,train
c3_n_Hexacosane__C26__bnd_dmin_fmin,3,n-Hexacosane (C26),boundary,0,0.02,16,0.01,sim_v1_tamilnadu,1.239776611328125e-05,False,bounds_violation,,,,,,,,,,,,,,,,,,,,,,,,,,,,,,train
c3_n_Hexacosane__C26__bnd_dmin_fmax,3,n-Hexacosane (C26),boundary,0,0.02,16,0.05,sim_v1_tamilnadu,4.291534423828125e-06,False,bounds_violation,,,,,,,,,,,,,,,,,,,,,,,,,,,,,,train
c3_n_Hexacosane__C26__bnd_dmax_fmin,3,n-Hexacosane (C26),boundary,0,0.08,16,0.01,sim_v1_tamilnadu,2.8312079906463623,True,,0.04,0.08578642339402529,0.9142135766059747,9.646162092929935e-06,1.6076936821549893e-10,15.568030585685188,0.5683656631193826,True,tamilnadu,3.0,n-Hexacosane (C26),25.787,1810.4119966018327,0.5420186862079159,,1123.419620922499,6.352265687158486e-10,1889.3187533494852,79.17082391764956,55.36202144055137,55.41150384546162,4.4190513773550185e-07,3.3027773006699737,70.61513889072742,64.66927670649449,0.0,0.0,39.0,8784.0,train
c3_n_Hexacosane__C26__bnd_dmax_fmax,3,n-Hexacosane (C26),boundary,0,0.08,16,0.05,sim_v1_tamilnadu,2.909116268157959,True,,0.04,0.08578642339402529,0.9142135766059747,0.00017926413952761594,1.4938678293967998e-08,77.84015292842594,0.5683656631193826,True,tamilnadu,3.0,n-Hexacosane (C26),25.787,1810.7711967225207,0.5425886688057731,,1122.0214642407009,5.902022815954574e-08,1889.7552419433746,79.2482309817306,59.66897579634505,59.71847098620141,4.953617884196059e-07,3.3027773006699737,70.39476938885645,67.29986959052553,32.0,0.0,55.0,8784.0,train
c3_n_Hexacosane__C26__bnd_nmin,3,n-Hexacosane (C26),boundary,0,0.05,8,0.030000000000000002,sim_v1_tamilnadu,3.270843505859375,True,,0.025,0.010471975511965978,0.989528024488034,2.988850618139812e-06,1.4944253090699062e-10,29.19005734815973,3.149765528504569,True,tamilnadu,3.0,n-Hexacosane (C26),25.787,1817.3886384500358,0.5438803115329007,,1118.8530887214852,5.904785734735011e-10,1895.8227677094244,78.66954280442701,9.202742612921881,9.208774285464752,3.392265696650362e-08,0.4031710572106902,70.29004234615736,70.27491466281182,2476.0,0.0,147.0,8784.0,train
c3_n_Hexacosane__C26__bnd_nmax,3,n-Hexacosane (C26),boundary,0,0.05,24,0.030000000000000002,sim_v1_tamilnadu,3.285080671310425,True,,0.025,0.031415926535897934,0.968584073464102,1.013133310886751e-05,5.065666554433756e-10,29.19005734815973,1.027699620612634,True,tamilnadu,3.0,n-Hexacosane (C26),25.787,1816.0532472775562,0.5437219174737117,,1119.2416263944683,2.0012971070527475e-09,1894.6874814909029,78.87819567940325,27.621203281416783,27.63931562782214,8.207575679167036e-08,1.2095131716320706,69.96496423797232,69.94361865168284,2059.0,0.0,146.0,8784.0,train
c4_baseline_noPCM,4,NONE_plain_tank,baseline,0,0.08,8,0.030000000000000002,sim_v1_tamilnadu,1.3319933414459229,True,,0.04,0.04289321169701264,0.9571067883029873,1.3858140714189671e-05,6.929070357094836e-10,46.70409175705556,1.1900646595720985,True,tamilnadu,4.0,,24.039,1622.354931808939,0.5106186961464176,,1309.6596129557981,2.73143953476567e-09,1695.8613257153088,73.83932028422964,0.0,0.0,1.5141177051145752e-08,0.0,65.3770020571702,65.3770020571702,0.0,0.0,0.0,8784.0,train
c4_n_Octacosane__C28__lhs_000,4,n-Octacosane (C28),lhs,20265717,0.06200817330309656,19,0.0262976796426954,sim_v1_tamilnadu,2.391024589538574,True,,0.03100408665154828,0.047438290680579434,0.9525617093194205,1.2624763429806336e-05,5.533366404031057e-10,31.732921497614736,0.8300834720358576,True,tamilnadu,4.0,n-Octacosane (C28),24.039,1619.1444699512667,0.5065851644076528,,1320.4539640563382,2.181852484494247e-09,1692.721770244779,73.93754111912394,14.472254742802054,14.510843147154072,3.123498937030616e-07,2.1584422259663643,65.45050019209711,61.25231948167034,0.0,0.0,0.0,8784.0,holdout
c4_n_Octacosane__C28__lhs_001,4,n-Octacosane (C28),lhs,20265717,0.06503952676973095,11,0.02141553708097018,sim_v1_tamilnadu,2.0188100337982178,True,,0.03251976338486547,0.03169227539140557,0.9683077246085945,5.18194664055403e-06,1.8495695072065615e-10,27.105038742629016,1.324787095030245,True,tamilnadu,4.0,n-Octacosane (C28),24.039,1619.4555769677954,0.5079328533238263,,1316.847341305444,7.291927782158261e-10,1693.0664399760144,73.96100721770547,9.537857911059797,9.563602382550071,3.784465164938924e-08,1.4419985303089533,65.46371667681643,61.17451631229802,0.0,0.0,0.0,8784.0,train
c4_n_Octacosane__C28__lhs_002,4,n-Octacosane (C28),lhs,20265717,0.026001862504348806,23,0.012308393816246365,sim_v1_tamilnadu,1.1920928955078125e-05,False,bounds_violation,,,,,,,,,,,,,,,,,,,,,,,,,,,,,,train
c4_n_Octacosane__C28__lhs_003,4,n-Octacosane (C28),lhs,20265717,0.03643551819373379,16,0.036043638089754124,sim_v1_tamilnadu,2.86102294921875e-06,False,bounds_violation,,,,,,,,,,,,,,,,,,,,,,,,,,,,,,train
c4_n_Octacosane__C28__lhs_004,4,n-Octacosane (C28),lhs,20265717,0.02809418841546231,18,0.016960827297664023,sim_v1_tamilnadu,1.9073486328125e-06,False,bounds_violation,,,,,,,,,,,,,,,,,,,,,,,,,,,,,,train
c4_n_Octacosane__C28__lhs_005,4,n-Octacosane (C28),lhs,20265717,0.04501342173276712,13,0.0306676099186581,sim_v1_tamilnadu,2.5051259994506836,True,,0.02250671086638356,0.012416467400606316,0.9875835325993937,3.780843204425108e-06,1.932490409281975e-10,26.863688762003097,2.3868578512146805,True,tamilnadu,4.0,n-Octacosane (C28),24.039,1622.4583717750809,0.5095704507689169,,1312.4648787568615,7.619004479444705e-10,1695.909285966701,73.7923509580519,3.8479424641923616,3.858033211151263,4.8539848712351063e-08,0.5649492667275874,65.37121308765944,61.689826263718345,0.0,0.0,0.0,8784.0,holdout
c4_n_Octacosane__C28__lhs_006,4,n-Octacosane (C28),lhs,20265717,0.07942905412304471,9,0.04077016318694433,sim_v1_tamilnadu,2.1501193046569824,True,,0.039714527061522356,0.047229059775099,0.9527709402249009,2.8192058975267206e-05,1.9156580749960045e-09,63.01813260688511,1.0682363067478493,True,tamilnadu,4.0,n-Octacosane (C28),24.039,1617.914480400954,0.5065994477208869,,1320.4157397140214,7.553439789700952e-09,1691.5859792990339,74.02990009530211,14.10040333306128,14.138778149148404,9.400623504012392e-08,2.148922219767005,65.58351179669788,61.04376462612302,0.0,0.0,0.0,8784.0,train
c4_n_Octacosane__C28__lhs_007,4,n-Octacosane (C28),lhs,20265717,0.05662589628047393,21,0.046501285773524394,sim_v1_tamilnadu,2.492987871170044,True,,0.028312948140236965,0.039929436390085886,0.9600705636099142,3.082273877091332e-05,2.388828306514884e-09,51.24172480234334,0.9076821692113759,True,tamilnadu,4.0,n-Octacosane (C28),24.039,1619.8909665408987,0.5072318671205356,,1318.7232881641817,9.419249547089981e-09,1693.4389071825622,73.90420831196893,12.276806925953807,12.309283622562823,2.3635400660793762e-07,1.8167893557489079,65.3603670802293,61.3806992155821,0.0,0.0,0.0,8784.0,train
c4_n_Octacosane__C28__bnd_dmin_fmin,4,n-Octacosane (C28),boundary,0,0.02,16,0.01,sim_v1_tamilnadu,1.1920928955078125e-05,False,bounds_violation,,,,,,,,,,,,,,,,,,,,,,,,,,,,,,train
c4_n_Octacosane__C28__bnd_dmin_fmax,4,n-Octacosane (C28),boundary,0,0.02,16,0.05,sim_v1_tamilnadu,3.814697265625e-06,False,bounds_violation,,,,,,,,,,,,,,,,,,,,,,,,,,,,,,holdout
c4_n_Octacosane__C28__bnd_dmax_fmin,4,n-Octacosane (C28),boundary,0,0.08,16,0.01,sim_v1_tamilnadu,2.106992721557617,True,,0.04,0.08578642339402529,0.9142135766059747,9.646162092929935e-06,1.6076936821549893e-10,15.568030585685188,0.5683656631193826,True,tamilnadu,4.0,n-Octacosane (C28),24.039,1614.0566564080418,0.5032685069038036,,1329.3298494826797,6.340207984524041e-10,1687.8819614853821,74.20413340355921,25.788064528318785,25.857839267336093,4.5911921058642096e-07,3.903282264428151,65.75600399872424,61.008610022630954,0.0,0.0,0.0,8784.0,train
c4_n_Octacosane__C28__bnd_dmax_fmax,4,n-Octacosane (C28),boundary,0,0.08,16,0.05,sim_v1_tamilnadu,1.995954990386963,True,,0.04,0.08578642339402529,0.9142135766059747,0.00017926413952761594,1.4938678293967998e-08,77.84015292842594,0.5683656631193826,True,tamilnadu,4.0,n-Octacosane (C28),24.039,1614.1639825048878,0.5032820392687338,,1329.2936347934847,5.891565741161271e-08,1687.9811874365655,74.19621240050553,26.014722052201325,26.084514788207752,5.010168981369449e-07,3.903282264428151,65.65695277517483,61.074588094728675,0.0,0.0,0.0,8784.0,train
c4_n_Octacosane__C28__bnd_nmin,4,n-Octacosane (C28),boundary,0,0.05,8,0.030000000000000002,sim_v1_tamilnadu,2.431633710861206,True,,0.025,0.010471975511965978,0.989528024488034,2.988850618139812e-06,1.4944253090699062e-10,29.19005734815973,3.149765528504569,True,tamilnadu,4.0,n-Octacosane (C28),24.039,1622.6298988137075,0.5097333112869185,,1312.0290389703962,5.891896316446167e-10,1696.0743855855012,73.78485926064492,3.2075131844688407,3.2160224731893408,4.3353152006489463e-08,0.476474885794452,65.41607778970499,61.49957853576193,0.0,0.0,0.0,8784.0,train
c4_n_Octacosane__C28__bnd_nmax,4,n-Octacosane (C28),boundary,0,0.05,24,0.030000000000000002,sim_v1_tamilnadu,2.59140682220459,True,,0.025,0.031415926535897934,0.968584073464102,1.013133310886751e-05,5.065666554433756e-10,29.19005734815973,1.027699620612634,True,tamilnadu,4.0,n-Octacosane (C28),24.039,1620.7046822408129,0.5079598394104085,,1316.7751223885584,1.9973501085283173e-09,1694.2214953937787,73.8685231036944,9.7156135325072,9.741160490809587,1.5956670605636878e-07,1.4294246573833562,65.31294841965239,61.5042800386102,0.0,0.0,0.0,8784.0,train
c4_RT64HC_lhs_000,4,RT64HC,lhs,20265763,0.07911946977158203,16,0.016049087358120013,sim_v1_tamilnadu,1.8472225666046143,True,,0.039559734885791016,0.08298482930306755,0.9170151706969325,2.0839526140145213e-05,5.574256258750269e-10,24.710264736463735,0.5828676131719268,True,tamilnadu,4.0,RT64HC,24.039,1614.111833795537,0.5031740342350739,,1329.5826728696566,2.1984402163150695e-09,1687.9223041510786,74.18931387425869,23.301648648814428,23.370217538243864,5.316572246480383e-07,3.651332489334973,65.9842010744567,63.21108159091496,0.0,0.0,0.0,8784.0,train
c4_RT64HC_lhs_001,4,RT64HC,lhs,20265763,0.06070498942610174,18,0.03976162824920874,sim_v1_tamilnadu,2.500960111618042,True,,0.03035249471305087,0.0421671536540257,0.9578328463459743,2.4112108644207626e-05,1.5978945003591938e-09,46.97126295049504,0.9192816014486384,True,tamilnadu,4.0,RT64HC,24.039,1619.5081804342447,0.506857403346001,,1319.7254107997649,6.300631172785036e-09,1693.0652561167908,73.91520407803213,11.829000361573131,11.863835493629477,2.8416440279295805e-07,1.855354760777131,65.66925364095465,63.31226056745065,0.0,0.0,0.0,8784.0,train
c4_RT64HC_lhs_002,4,RT64HC,lhs,20265763,0.027039366904197882,23,0.02828376443043487,sim_v1_tamilnadu,1.4066696166992188e-05,False,bounds_violation,,,,,,,,,,,,,,,,,,,,,,,,,,,,,,train
c4_RT64HC_lhs_003,4,RT64HC,lhs,20265763,0.06739660643046157,19,0.024446207486230644,sim_v1_tamilnadu,1.9059669971466064,True,,0.033698303215230783,0.060911081003231865,0.9390889189967682,3.0027573888525195e-05,1.2234338359783475e-09,32.06219211490847,0.6927191269021001,True,tamilnadu,4.0,RT64HC,24.039,1616.466119851626,0.5051829448364085,,1324.2065192244536,4.824305473716003e-09,1690.183424073883,74.08419653465751,17.108190300479585,17.15850028765293,2.564009465321438e-07,2.680087564142202,65.7746160584197,63.26509889426172,0.0,0.0,0.0,8784.0,train
c4_RT64HC_lhs_004,4,RT64HC,lhs,20265763,0.04881802423623306,10,0.03484051575750321,sim_v1_tamilnadu,2.6199281215667725,True,,0.02440901211811653,0.012183419944791872,0.9878165800552081,4.724533448558979e-06,2.7434197010228346e-10,33.098511502913205,2.6387365761342063,True,tamilnadu,4.0,RT64HC,24.039,1622.425835832707,0.5095382265432271,,1312.5511157393787,1.0816160789580136e-09,1695.8766460444374,73.79231231893506,3.4015469348842986,3.411603114269404,4.9378870207865836e-08,0.5360704775708425,65.49991145660353,63.386966029812186,0.0,0.0,0.0,8784.0,train
c4_RT64HC_lhs_005,4,RT64HC,lhs,20265763,0.05177778324708136,21,0.049890252986569066,sim_v1_tamilnadu,2.4591116905212402,True,,0.02588889162354068,0.03052658847676677,0.9694734115232332,2.610104311587446e-05,2.1703127404405398e-09,50.269301246194814,1.0962505511954508,True,tamilnadu,4.0,RT64HC,24.039,1620.6712010763872,0.5079028580814714,,1316.9276131858442,8.557452705873559e-09,1694.1848165195515,73.86533771294711,8.571594516913013,8.596806682601168,1.6596749704964296e-07,1.3431698929777378,65.56377181227512,63.39302422707893,0.0,0.0,0.0,8784.0,holdout
c4_RT64HC_lhs_006,4,RT64HC,lhs,20265763,0.03441362057057237,9,0.04354552663160791,sim_v1_tamilnadu,1.3589859008789062e-05,False,bounds_violation,,,,,,,,,,,,,,,,,,,,,,,,,,,,,,train
c4_RT64HC_lhs_007,4,RT64HC,lhs,20265763,0.04240342580106768,14,0.01404346008093499,sim_v1_tamilnadu,3.2428629398345947,True,,0.02120171290053384,0.01117788117274359,0.9888221188272565,7.43359042781102e-07,1.7398888405164086e-11,11.588274076044623,2.5007390159289478,True,tamilnadu,4.0,RT64HC,24.039,1622.92578530157,0.5096245897653091,,1312.3199944784828,6.859753404945052e-11,1696.3415775274184,73.75730199213953,3.1271660662960685,3.13639457820014,7.97427798191483e-08,0.49182677160071797,65.50048204984384,63.440671300976796,0.0,0.0,0.0,8784.0,train
c4_RT64HC_bnd_dmin_fmin,4,RT64HC,boundary,0,0.02,16,0.01,sim_v1_tamilnadu,1.33514404296875e-05,False,bounds_violation,,,,,,,,,,,,,,,,,,,,,,,,,,,,,,train
c4_RT64HC_bnd_dmin_fmax,4,RT64HC,boundary,0,0.02,16,0.05,sim_v1_tamilnadu,3.814697265625e-06,False,bounds_violation,,,,,,,,,,,,,,,,,,,,,,,,,,,,,,holdout
c4_RT64HC_bnd_dmax_fmin,4,RT64HC,boundary,0,0.08,16,0.01,sim_v1_tamilnadu,1.9469964504241943,True,,0.04,0.08578642339402529,0.9142135766059747,9.646162092929935e-06,1.6076936821549893e-10,15.568030585685188,0.5683656631193826,True,tamilnadu,4.0,RT64HC,24.039,1613.7775543572996,0.5029151237457049,,1330.2755571474727,6.340609907944432e-10,1687.6028167233742,74.20556466798999,24.05743221808523,24.12831475366366,5.602541878891193e-07,3.774602629337113,66.0257290726561,63.19677530200444,0.0,0.0,0.0,8784.0,train
c4_RT64HC_bnd_dmax_fmax,4,RT64HC,boundary,0,0.08,16,0.05,sim_v1_tamilnadu,2.1850428581237793,True,,0.04,0.08578642339402529,0.9142135766059747,0.00017926413952761594,1.4938678293967998e-08,77.84015292842594,0.5683656631193826,True,tamilnadu,4.0,RT64HC,24.039,1613.8733938721766,0.502921965813693,,1330.2572467215482,5.891690230147598e-08,1687.690579908332,74.1976407775611,24.169803983135456,24.240701857391898,5.96459847564101e-07,3.774602629337113,65.96724160758058,63.234255563950455,0.0,0.0,0.0,8784.0,train
c4_RT64HC_bnd_nmin,4,RT64HC,boundary,0,0.05,8,0.030000000000000002,sim_v1_tamilnadu,2.507512331008911,True,,0.025,0.010471975511965978,0.989528024488034,2.988850618139812e-06,1.4944253090699062e-10,29.19005734815973,3.149765528504569,True,tamilnadu,4.0,RT64HC,24.039,1622.5864359357395,0.5096901118329125,,1312.1446473513618,5.891896316446697e-10,1696.0315989397748,73.78570626857784,2.919274070620421,2.9279169383430625,4.475233593759704e-08,0.46076692252650303,65.49813766595317,63.3633513777224,0.0,0.0,0.0,8784.0,train
c4_RT64HC_bnd_nmax,4,RT64HC,boundary,0,0.05,24,0.030000000000000002,sim_v1_tamilnadu,2.670668363571167,True,,0.025,0.031415926535897934,0.968584073464102,1.013133310886751e-05,5.065666554433756e-10,29.19005734815973,1.027699620612634,True,tamilnadu,4.0,RT64HC,24.039,1620.5865609080452,0.5078233104311484,,1317.1404949287985,1.9973712154722616e-09,1694.1031792992285,73.86883643588733,8.825839772094303,8.851787355834073,1.7426060664489788e-07,1.3823007675795091,65.56366462228736,63.39838594214639,0.0,0.0,0.0,8784.0,holdout
c4_n_Hexacosane__C26__lhs_000,4,n-Hexacosane (C26),lhs,20264941,0.055326573526548836,14,0.03657241635807232,sim_v1_tamilnadu,2.782949447631836,True,,0.027663286763274418,0.024828928445605268,0.9751710715543948,1.1191133489435912e-05,6.821446558240282e-10,39.3759567127793,1.4486562615731777,True,tamilnadu,4.0,n-Hexacosane (C26),24.039,1621.4551477447449,0.5088691100145692,,1314.3417744487408,2.689554264442841e-09,1694.9509872668325,73.839265990745,10.298139733701504,10.313490489788247,1.2169336191519725e-07,0.9559137451558029,64.86304476069573,63.9538604070207,0.0,0.0,18.0,8784.0,train
c4_n_Hexacosane__C26__lhs_001,4,n-Hexacosane (C26),lhs,20264941,0.02758112302204528,18,0.04925611016059979,sim_v1_tamilnadu,1.430511474609375e-05,False,bounds_violation,,,,,,,,,,,,,,,,,,,,,,,,,,,,,,train
c4_n_Hexacosane__C26__lhs_002,4,n-Hexacosane (C26),lhs,20264941,0.021658923070636448,9,0.02666963805245323,sim_v1_tamilnadu,2.6226043701171875e-06,False,bounds_violation,,,,,,,,,,,,,,,,,,,,,,,,,,,,,,train
c4_n_Hexacosane__C26__lhs_003,4,n-Hexacosane (C26),lhs,20264941,0.06714934092945461,23,0.03233868790870697,sim_v1_tamilnadu,2.579493761062622,True,,0.033574670464727306,0.07292588651444654,0.9270741134855535,6.456018164346293e-05,3.4796526091623005e-09,42.25789296072397,0.5690929854835675,True,tamilnadu,4.0,n-Hexacosane (C26),24.039,1615.8819582442402,0.5052205965662492,,1324.1057574063336,1.372259000631967e-08,1689.623705959335,74.10026703823257,27.719421674250246,27.764553155381705,4.4341801478394e-07,2.8076466308061914,64.73655785773902,60.07049972581222,0.0,0.0,8.0,8784.0,train
c4_n_Hexacosane__C26__lhs_004,4,n-Hexacosane (C26),lhs,20264941,0.04169715535822294,16,0.015474044385396572,sim_v1_tamilnadu,3.3459115028381348,True,,0.02084857767911147,0.012146967903766752,0.9878530320962332,9.849792850476539e-07,2.540268862587263e-11,12.556076561727721,2.2606827578556974,True,tamilnadu,4.0,n-Hexacosane (C26),24.039,1622.9564329347004,0.5097815118541703,,1311.9000468414483,1.0015433368912118e-10,1696.382516182659,73.76563753800558,5.600897639568467,5.608407077605002,8.702122654041031e-08,0.46765826429502,65.22309972493082,65.17904398401663,9.0,0.0,29.0,8784.0,train
c4_n_Hexacosane__C26__lhs_005,4,n-Hexacosane (C26),lhs,20264941,0.05862145980241651,20,0.04152603124019311,sim_v1_tamilnadu,3.046062469482422,True,,0.029310729901208254,0.04219184344630518,0.9578081565536948,2.634616061550289e-05,1.8234191479641975e-09,47.371893542673355,0.8871874713461315,True,tamilnadu,4.0,n-Hexacosane (C26),24.039,1619.8917695990726,0.5076257316693792,,1317.6692460736201,7.189741700423448e-09,1693.4477422472837,73.9054396751299,17.13019940940508,17.156303636950916,2.988359964038234e-07,1.6243859726827496,64.56853774048564,62.78434816197751,0.0,0.0,15.0,8784.0,train
c4_n_Hexacosane__C26__lhs_006,4,n-Hexacosane (C26),lhs,20264941,0.044944505582923185,16,0.01365510077652542,sim_v1_tamilnadu,2.997497320175171,True,,0.022472252791461592,0.015211723491035091,0.9847882765089649,9.882330886698657e-07,2.249070402747333e-11,11.943048778927526,1.9397680224571239,True,tamilnadu,4.0,n-Hexacosane (C26),24.039,1622.3121238378797,0.5095564052867956,,1312.5024666265533,8.867241196640794e-11,1695.7782691132788,73.80621335069353,6.742737033270651,6.752138986590311,6.389736355744195e-08,0.585651354404851,65.12856230046636,65.07312293128666,3.0,0.0,26.0,8784.0,train
c4_n_Hexacosane__C26__lhs_007,4,n-Hexacosane (C26),lhs,20264941,0.07969859159832779,11,0.020416642611527425,sim_v1_tamilnadu,2.473405122756958,True,,0.039849295799163895,0.05831405518346435,0.9416859448165357,9.835171817104411e-06,3.3466864668797925e-10,31.664939499427653,0.8580097690422115,True,tamilnadu,4.0,n-Hexacosane (C26),24.039,1616.997126280397,0.506084149011957,,1321.7947582878405,1.319710030106427e-09,1690.683980089277,74.04011894986391,20.22711663744613,20.26316536701774,2.1693045005835704e-07,2.245091124563378,65.28538110369394,59.05613702486351,0.0,0.0,3.0,8784.0,train
c4_n_Hexacosane__C26__bnd_dmin_fmin,4,n-Hexacosane (C26),boundary,0,0.02,16,0.01,sim_v1_tamilnadu,1.3828277587890625e-05,False,bounds_violation,,,,,,,,,,,,,,,,,,,,,,,,,,,,,,train
c4_n_Hexacosane__C26__bnd_dmin_fmax,4,n-Hexacosane (C26),boundary,0,0.02,16,0.05,sim_v1_tamilnadu,3.0994415283203125e-06,False,bounds_violation,,,,,,,,,,,,,,,,,,,,,,,,,,,,,,holdout
c4_n_Hexacosane__C26__bnd_dmax_fmin,4,n-Hexacosane (C26),boundary,0,0.08,16,0.01,sim_v1_tamilnadu,2.516829490661621,True,,0.04,0.08578642339402529,0.9142135766059747,9.646162092929935e-06,1.6076936821549893e-10,15.568030585685188,0.5683656631193826,True,tamilnadu,4.0,n-Hexacosane (C26),24.039,1614.2378195532804,0.5038865169500957,,1327.6759595779038,6.3407438824208e-10,1688.0331882154499,74.15796747298873,29.334448161840385,29.38753291556891,5.864461654188109e-07,3.3027773006699737,65.26444261806917,57.424146808032965,0.0,0.0,0.0,8784.0,train
c4_n_Hexacosane__C26__bnd_dmax_fmax,4,n-Hexacosane (C26),boundary,0,0.08,16,0.05,sim_v1_tamilnadu,2.313429832458496,True,,0.04,0.08578642339402529,0.9142135766059747,0.00017926413952761594,1.4938678293967998e-08,77.84015292842594,0.5683656631193826,True,tamilnadu,4.0,n-Hexacosane (C26),24.039,1614.4087947793716,0.5040236230335798,,1327.3090426180283,5.891814719129798e-08,1688.1965894529753,74.15053960070469,30.471373959053224,30.524472997791847,6.214338101231875e-07,3.3027773006699737,65.0794817467445,58.5499374639576,0.0,0.0,2.0,8784.0,train
c4_n_Hexacosane__C26__bnd_nmin,4,n-Hexacosane (C26),boundary,0,0.05,8,0.030000000000000002,sim_v1_tamilnadu,2.82092547416687,True,,0.025,0.010471975511965978,0.989528024488034,2.988850618139812e-06,1.4944253090699062e-10,29.19005734815973,3.149765528504569,True,tamilnadu,4.0,n-Hexacosane (C26),24.039,1622.7190795705626,0.5098720233600367,,1311.6578241353343,5.891896316444699e-10,1696.1656709281212,73.784981797949,4.527633951653419,4.5341046703756325,4.544881918829878e-08,0.4031710572106902,65.22365694550963,65.11826108614352,3.0,0.0,26.0,8784.0,holdout
c4_n_Hexacosane__C26__bnd_nmax,4,n-Hexacosane (C26),boundary,0,0.05,24,0.030000000000000002,sim_v1_tamilnadu,2.8583593368530273,True,,0.025,0.031415926535897934,0.968584073464102,1.013133310886751e-05,5.065666554433756e-10,29.19005734815973,1.027699620612634,True,tamilnadu,4.0,n-Hexacosane (C26),24.039,1620.8941895829635,0.5084345564236928,,1315.5047066718444,1.997307894640498e-09,1694.4201056409179,73.87166917286473,13.648431227086878,13.667862079483836,1.8125025210322483e-07,1.2095131716320706,64.73699307307236,64.63119125074464,0.0,0.0,20.0,8784.0,holdout
