regime_id,pcm_id,capsule_diameter_m,n_capsule,flow_rate_kg_s,valid,geom_pcm_thickness_m,geom_pcm_volume_fraction,geom_void_fraction,geom_pressure_drop_pa,geom_pump_power_w,geom_reynolds_number_particle,pred_useful_energy_kWh,pred_solar_fraction,pred_unmet_energy_kWh,pred_pump_energy_kWh,pred_pcm_mass_kg,predicted_feasible_proba,sim_useful_energy_kWh,sim_solar_fraction,sim_unmet_energy_kWh,sim_pump_energy_kWh,sim_residual_pct_of_collector,sim_pcm_mass_kg,sim_max_water_temp_C,sim_max_pcm_temp_C,sim_n_safety_violations,sim_mean_f_melt,surrogate_vs_sim_error_pct,large_surrogate_error,meets_temperature_safety,constraint_margin_C
0,n-Octacosane (C28),0.04048571681313466,8,0.011303412962198275,True,0.02024285840656733,0.005559351116448241,0.9944406488835518,2.2985164662905188e-07,4.3301801364824036e-12,8.90543456107202,1674.1535994987044,0.5217857664348888,1160.2756552097228,2.7133205040866768e-09,0.37064168288211363,0.96,1674.4773464034672,0.522051460643767,1159.5844168109345,1.731891630424488e-11,9.405213982489079e-06,0.25295047579839497,70.27275852025271,70.22439716257057,1254,0.02223538151424309,0.019334206309701205,False,False,-5.224397162570568
0,n-Octacosane (C28),0.04072623744899823,10,0.010163582420828857,True,0.020363118724499116,0.00707377896192934,0.9929262210380707,2.4234769717400625e-07,4.1052013245434745e-12,8.054986030925562,1674.1250210646626,0.5218031296698037,1160.2373762149075,2.7133205040866768e-09,0.36800941658654535,0.9566666666666667,1674.325221817391,0.5219317980634288,1159.8747385757472,1.6419322864379137e-11,9.460433581204581e-06,0.321856942767785,70.26866278421603,70.18314810962072,1178,0.02217406704986121,0.011957100694629163,False,False,-5.183148109620717
0,n-Octacosane (C28),0.0413247754078534,11,0.04266567008088599,True,0.0206623877039267,0.008129293600329051,0.9918707063996709,4.667349570545555e-06,3.3189266154843593e-10,34.31095149706511,1673.8836588100787,0.521712155075571,1160.5336775657454,3.0533522573358772e-09,0.3996927817680481,0.9566666666666667,1674.218829003695,0.5218427991731814,1160.0906650149896,1.327450796064799e-09,9.501842829260024e-06,0.36988285881497185,70.20526787217473,70.17028413368918,1985,0.02262924578255336,0.02001949732077169,False,False,-5.170284133689179
0,n-Octacosane (C28),0.04429425325023058,9,0.03358113360967583,True,0.02214712662511529,0.008190554049126247,0.9918094459508737,2.9116955326040775e-06,1.6296339451845626e-10,28.945857931400408,1673.823697689054,0.5217299348084056,1160.3630231561626,2.7596718728147605e-09,0.37319228313991826,0.98,1674.2116768313522,0.5218408340044436,1160.0954328484634,6.517947301831982e-10,9.501606294537495e-06,0.37267020923524424,70.25715946247293,70.15764367599965,1248,0.022024944225699245,0.023173840420977164,False,False,-5.157643675999651
0,n-Octacosane (C28),0.04164181759518114,11,0.0490899329740025,True,0.02082090879759057,0.008317835660672828,0.9916821643393272,6.307579210086322e-06,5.160644010855819e-10,39.78009406838754,1673.7337894319357,0.5216678685497593,1160.693676696076,3.5520894512161248e-09,0.4190516343649652,0.94,1674.1998194200792,0.5218274688415119,1160.1278590060676,2.0640855828708414e-09,9.508833159587868e-06,0.3784615225606137,70.20212945711133,70.16591433657908,1989,0.022613624258148144,0.027835983658440793,False,False,-5.165914336579078
0,n-Hexacosane (C26),0.04143131177829899,10,0.02954595490326689,True,0.020715655889149497,0.007447571302191735,0.9925524286978082,2.058988000431285e-06,1.0139127767851735e-10,23.821571247207856,1674.140592251738,0.5221184751914542,1159.4137663291128,2.7133205040866764e-09,0.365803431733219,0.9341666666666667,1674.5568460156032,0.5222584349694537,1159.0822619072508,4.055003329529576e-10,9.49603604440435e-06,0.2867314951343818,70.26468734867184,70.26217776123295,3831,0.11478733756573464,0.024857547527010877,False,False,-5.262177761232948
0,n-Hexacosane (C26),0.041541662320047856,8,0.02078130130789077,True,0.020770831160023928,0.006005791050529443,0.9939942089494705,8.207536373548287e-07,2.842721439569668e-11,16.79965254264704,1674.135886106355,0.5221345815233666,1159.3738561799548,2.7133205040866764e-09,0.3604737814272671,0.9441666666666667,1674.6561793086853,0.5223021008933362,1158.9763209518749,1.1369148539636277e-10,9.438231091452789e-06,0.2312229554453836,70.2841385923913,70.28157057794549,3760,0.11487946779424646,0.03106865807792882,False,False,-5.281570577945487
0,n-Hexacosane (C26),0.04009164753828144,11,0.03857198503874725,True,0.02004582376914072,0.007423060737292041,0.992576939262708,3.485927314239184e-06,2.24098560351657e-10,30.09328391151385,1674.1291579388667,0.5221071787578275,1159.4618587856685,2.971788862556035e-09,0.37976647101620925,0.9308333333333333,1674.5605987901943,0.5222482529587342,1159.1069651963915,8.96257292284322e-10,9.496144987074215e-06,0.2857878383857436,70.26776281115966,70.26534863729421,5004,0.11461274744381149,0.025764421522832846,False,False,-5.26534863729421
0,n-Hexacosane (C26),0.04193793496671038,9,0.020499380881230433,True,0.02096896748335519,0.006951719707767123,0.9930482802922329,9.309490072333768e-07,3.180646380046723e-11,16.729827994086754,1674.1200045359597,0.5221169995533833,1159.4086918893856,2.7133205040866764e-09,0.3579705180945232,0.9441666666666667,1674.5918030425032,0.522278679804147,1159.033144496278,1.272055344058415e-10,9.4755314060808e-06,0.26764120874903424,70.27017822184646,70.26731641211781,3697,0.11495832612078118,0.02817394099782234,False,False,-5.2673164121178075
0,n-Hexacosane (C26),0.0409246513511336,10,0.03836278326133018,True,0.0204623256755668,0.007177671574520119,0.9928223284254799,3.323756548413064e-06,2.1251425346699543e-10,30.551939514250638,1674.1122023316675,0.5221241393337858,1159.416094654994,2.954494037390991e-09,0.3754335196529041,0.9308333333333333,1674.5769069787218,0.5222582038888701,1159.0828225480345,8.49933047223881e-10,9.485912696915317e-06,0.2763403556190246,70.27024048252706,70.26770029537235,4933,0.11460651642874634,0.02775057061384696,False,False,-5.26770029537235
0,PureTemp 58,0.040822423959836075,12,0.011628813807697815,True,0.020411211979918038,0.00854882112965587,0.9914511788703442,3.865172907425494e-07,7.491229345834849e-12,9.237998659163194,1674.104381787701,0.5220774656227994,1159.5450725924636,2.7133205040866768e-09,0.38333192053607157,0.9516666666666667,1674.109301476195,0.5222249473564164,1159.1635085500095,2.995836255764614e-11,9.059096684965646e-06,0.3804225402696862,70.20154101742855,70.19490053164401,1968,0.07614594600620735,0.00029386901379244374,False,False,-5.194900531644009
0,PureTemp 58,0.04075197977727674,10,0.04049214030081207,True,0.02037598988863837,0.00708720107076246,0.9929127989292376,3.6519855356648587e-06,2.464611844777963e-10,32.1116879050337,1674.085528217336,0.5221221139849808,1159.4263295004318,3.0158551954433094e-09,0.3812523690759072,0.95,1674.200259873736,0.522260239987691,1159.0778826261196,9.856290843773232e-10,9.021226326227772e-06,0.3153804476489295,70.232930658831,70.22887197016533,2331,0.07559453658359466,0.006852923103034677,False,False,-5.228871970165329
0,PureTemp 58,0.04329278922729275,10,0.03368835911323375,True,0.021646394613646376,0.008497189799296477,0.9915028102007035,3.051499638182761e-06,1.7133335940833952e-10,28.381746333694014,1673.986866026219,0.5221207477024639,1159.3998867471676,2.759671872814761e-09,0.38427702195637276,0.97,1674.108488580571,0.5222211072098876,1159.1728253983863,6.851835209451554e-10,9.057747037011823e-06,0.3781249460686933,70.20324064511772,70.19743088538618,2030,0.07558637841701418,0.0072649147400857,False,False,-5.197430885386183
0,PureTemp 58,0.04188737209073007,13,0.026734471289102883,True,0.020943686045365034,0.010005097248058249,0.9899949027519418,2.3084891037390625e-06,1.0286039277519801e-10,21.79206590130037,1673.966053469378,0.5220800972096552,1159.5221057088406,2.7133205040866768e-09,0.4582280956266345,0.955,1674.0090466918064,0.5221746666799751,1159.2854980197262,4.113558541073218e-10,9.101031278833457e-06,0.44522682753859205,70.17668913490417,70.17053780954342,2095,0.07589461148582774,0.002568278977541112,False,False,-5.1705378095434185
0,PureTemp 58,0.04384320494034394,10,0.03245268976625854,True,0.02192160247017197,0.008825422361033772,0.9911745776389662,2.9464216705339678e-06,1.5936551399070016e-10,27.688324802259604,1673.9580460156064,0.5221216111804856,1159.4028077052653,2.7355542906171007e-09,0.3980264772429534,0.98,1674.0873512419037,0.5222123381407414,1159.1941006510433,6.373226111397319e-10,9.066106970542824e-06,0.39273129506600285,70.19597591764281,70.18971623492054,1980,0.07558011444175841,0.0077239234978566645,False,False,-5.189716234920539
0,NONE_plain_tank,0.04093880434459472,9,0.01587892508897138,True,0.02046940217229736,0.00646660883143754,0.9935333911685624,5.238011087011679e-07,1.3862330944310003e-11,12.650274329714783,1674.1152275717955,0.5223588998868718,1158.859013591304,2.7133205040866768e-09,0.33064210169525693,0.9583333333333334,1673.2902185277098,0.5226428323641213,1158.1496484729262,5.54366166405739e-11,7.796657106499265e-06,0.0,70.2800375158398,70.2800375158398,0,0.0,0.04930459970127149,False,True,4.719962484160206
0,NONE_plain_tank,0.04017686590285749,8,0.03902610878193367,True,0.020088432951428745,0.0054330884015434495,0.9945669115984566,2.5808737703627093e-06,1.6786910085769063e-10,30.51230349155754,1674.111051651117,0.5223977981610001,1158.745727103172,2.971788862556035e-09,0.3222442162663256,0.9533333333333334,1673.2902185277098,0.5226428323641213,1158.1496484729262,6.713225234215479e-10,7.796657106499265e-06,0.0,70.2800375158398,70.2800375158398,0,0.0,0.04905503625840161,False,True,4.719962484160206
0,NONE_plain_tank,0.04013726484701097,8,0.0395737436476754,True,0.020068632423505484,0.00541703856567824,0.9945829614343218,2.6454002567685466e-06,1.744806526780886e-10,30.909971134594354,1674.111051651117,0.5223993649229733,1158.745727103172,2.9863426229939665e-09,0.3222442162663256,0.9533333333333334,1673.2902185277098,0.5226428323641213,1158.1496484729262,6.977626701132172e-10,7.796657106499265e-06,0.0,70.2800375158398,70.2800375158398,0,0.0,0.04905503625840161,False,True,4.719962484160206
0,NONE_plain_tank,0.040994100416514925,10,0.0325927535078906,True,0.020497050208257463,0.007214275110672855,0.9927857248893271,2.419954413944082e-06,1.3145496285668553e-10,26.00076355590413,1674.105947320826,0.5223401028952429,1158.8935483009786,2.7596718728147605e-09,0.3414414112335483,0.95,1673.2902185277098,0.5226428323641213,1158.1496484729262,5.256993510443692e-10,7.796657106499265e-06,0.0,70.2800375158398,70.2800375158398,0,0.0,0.048749988739789044,False,True,4.719962484160206
0,NONE_plain_tank,0.04017006679073673,13,0.022897670202489333,True,0.020085033395368365,0.008824287145896777,0.9911757128541032,1.4966602885822307e-06,5.711672282186405e-11,17.89936148530413,1674.0964924877323,0.5222523463018012,1159.1844022912574,2.7133205040866768e-09,0.3739985728841983,0.955,1673.2902185277098,0.5226428323641213,1158.1496484729262,2.2841453429172167e-10,7.796657106499265e-06,0.0,70.2800375158398,70.2800375158398,0,0.0,0.048184944314796196,False,True,4.719962484160206
1,n-Octacosane (C28),0.04337203740832701,10,0.016641058388283413,True,0.021686018704163507,0.008543938016190808,0.9914560619838092,7.680294095158412e-07,2.130137041278658e-11,14.045411165148476,1810.7934611670307,0.5301621355409079,1236.2992608674635,2.7133205040866768e-09,0.37897899832799214,0.9933333333333333,1810.4912658409182,0.5303152340477133,1235.900560973816,8.492501360740934e-11,3.406604606748867e-08,0.3887491797366818,70.33859479023988,70.29497479426507,540,0.01988421457960399,0.01669134404645337,False,False,-5.294974794265073
1,n-Octacosane (C28),0.04072092494928234,12,0.012922264070374903,True,0.02036046247464117,0.008485213348327763,0.9915147866516723,4.700804110622151e-07,1.012417201009388e-11,10.239999491167907,1810.7783664077715,0.5301599721159358,1236.3058619053902,2.7133205040866768e-09,0.3835887398681677,0.9766666666666667,1810.93189316329,0.5303018316247136,1235.9358273126556,4.0368729755234945e-11,4.3332927675890266e-08,0.38607720734891326,70.3330366413432,70.31250212037534,644,0.02043832615563973,0.008477776337036353,False,False,-5.312502120375342
1,n-Octacosane (C28),0.04194908718366549,13,0.017540911436399114,True,0.020974543591832744,0.010049385705662876,0.9899506142943372,1.0181909479675934e-06,2.976666207273803e-11,14.319186974189224,1810.733904714324,0.5301570428469604,1236.3160327118708,2.7133205040866768e-09,0.45995195959841567,0.9833333333333333,1810.766087931274,0.5301714569010012,1236.2788876072475,1.1869208445946478e-10,4.517395396078256e-08,0.45724704960766094,70.32470961211146,70.27298989483103,633,0.020398761554880424,0.001777326025956036,False,False,-5.272989894831028
1,n-Octacosane (C28),0.04099911952566035,15,0.0160746750396375,True,0.020499559762830175,0.010825387908854683,0.9891746120911453,9.353474400862375e-07,2.5059010247571796e-11,12.825089999925455,1810.7267580268156,0.5301415132533777,1236.3635136821179,2.7133205040866768e-09,0.47894372955167874,0.9866666666666667,1810.6839687462214,0.530107463018274,1236.4472773045395,9.992141119497771e-11,4.613374700002186e-08,0.49255514985288806,70.3081884161495,70.25687877124795,662,0.02060392330859065,0.002363155654591411,False,False,-5.256878771247955
1,n-Octacosane (C28),0.04390900677319308,13,0.014112328555366078,True,0.02195450338659654,0.011524784426102925,0.9884752155738971,7.724826098619084e-07,1.8169213989463204e-11,12.058574795038693,1810.716012224885,0.5301035680955584,1236.4702459044413,2.7133205040866768e-09,0.4945241446334603,0.9966666666666667,1810.1779332255867,0.5300671141676206,1236.5534488706028,7.244217027708087e-11,3.698072483958443e-08,0.5243776913876831,70.33637965882122,70.2118531659485,351,0.019759035073353734,0.029725199353161813,False,False,-5.211853165948497
1,RT64HC,0.04120395837034542,10,0.016996105315808363,True,0.02060197918517271,0.007325637715694309,0.9926743622843057,6.82758418744711e-07,1.9340389983733157e-11,13.62799741143533,1810.8659138390933,0.5301776740368829,1236.2638068521787,2.713320504086676e-09,0.3637326103978394,0.9783333333333334,1811.0108909893377,0.5302968660233466,1235.9488935007885,7.711658166186104e-11,4.2437809775331795e-08,0.3223280594905496,70.40645663995575,70.33477439511273,241,0.006918741069887218,0.008005316310668822,False,False,-5.334774395112731
1,RT64HC,0.042224982881072494,11,0.012183825915922873,True,0.021112491440536247,0.008672209276344827,0.9913277907236552,4.2757959134881046e-07,8.682592176992247e-12,10.011447089484152,1810.8546930889195,0.5301755324196649,1236.2683578513208,2.713320504086676e-09,0.3879262973498067,0.9766666666666667,1810.8606934262195,0.5301643788931863,1236.2975122560824,3.462087157323601e-11,4.40497662376949e-08,0.38157720815917245,70.42222709976905,70.22349744635085,152,0.006505067983724064,0.00033135278278709364,False,False,-5.223497446350848
1,RT64HC,0.0434373290004203,12,0.012419118076257663,True,0.02171866450021015,0.010299098240201757,0.9897009017597982,5.340687957751468e-07,1.1054439059293815e-11,10.497782188308433,1810.8189336136752,0.5301725976531119,1236.2803864083478,2.713320504086676e-09,0.4678767156408852,0.99,1810.6798128627129,0.5300046983427116,1236.7176861603994,4.4078961613393017e-11,4.6067126891991655e-08,0.45316032256887734,70.43553211695169,69.99139242647603,103,0.006310234645666161,0.007683343569306599,False,False,-4.991392426476025
1,RT64HC,0.04481309096076046,10,0.010818629994833287,True,0.02240654548038023,0.00942417449019061,0.9905758255098094,3.696601082970337e-07,6.6653598925260166e-12,9.434542761116198,1810.802802642134,0.5301519040896582,1236.3070436647536,2.713320504086676e-09,0.42816090712203875,0.9833333333333333,1810.3264344492209,0.5301149040782072,1236.4276973419512,2.6574789891513968e-11,3.5345861034931344e-08,0.4146636775683869,70.42475605749064,69.16850492868403,43,0.005912375861078752,0.02631393895864827,False,False,-4.16850492868403
1,RT64HC,0.043246752066901914,13,0.011029126144171748,True,0.021623376033450957,0.01101114444388424,0.9889888555561157,4.587571962216641e-07,8.432818311125473e-12,9.281930015857293,1810.7982042540268,0.530118819571889,1236.4143342409209,2.713320504086676e-09,0.48778967123633765,0.99,1810.600730762855,0.5299349056735961,1236.9013344393397,3.362539452564015e-11,4.6974089556356346e-08,0.4844903555309066,70.4401867469935,69.87156866389554,93,0.006271707614279707,0.010906517810178727,False,False,-4.871568663895545
1,n-Hexacosane (C26),0.0401140737812093,12,0.01827624980244398,True,0.02005703689060465,0.00811148129232327,0.9918885187076767,8.800983744055204e-07,2.680816290226694e-11,14.26683187983971,1810.7973687505034,0.5305771395327291,1235.250295261492,2.7133205040866764e-09,0.37186350044162586,0.967777777777778,1811.2266025483782,0.5307208826672449,1234.833161320304,1.0688489016215662e-10,4.365047057462969e-08,0.3122920297544459,70.41978384998126,70.41511665906265,2678,0.11728543022971308,0.023698514436063963,False,False,-5.415116659062647
1,n-Hexacosane (C26),0.04267998142874767,10,0.01947370660533182,True,0.021339990714373834,0.00814144106308146,0.9918585589369185,9.934684877009124e-07,3.224418975188379e-11,16.17396628584103,1810.787885590654,0.5306015596528354,1235.2056272659397,2.7133205040866764e-09,0.36823345715047295,0.967777777777778,1811.222080746546,0.5307288350945638,1234.8122357759883,1.2855937588489251e-10,4.365738862753978e-08,0.31344548092863617,70.4168183574227,70.41124259008045,2509,0.11675473223768996,0.023972496830041892,False,False,-5.411242590080448
1,n-Hexacosane (C26),0.0418173707707124,10,0.02005125405106794,True,0.0209086853853562,0.0076577077594478194,0.9923422922405521,9.878089597758029e-07,3.301134734397629e-11,16.317061567153353,1810.7823225061513,0.5306015596528354,1235.2056272659397,2.7133205040866764e-09,0.360103312149678,0.9644444444444445,1811.2607925289135,0.5307394775163439,1234.7842319402207,1.3161807582394586e-10,4.305749684056866e-08,0.29482174873874106,70.42439470777353,70.41931546853804,2589,0.11691995841105564,0.02641640699869172,False,False,-5.419315468538045
1,n-Hexacosane (C26),0.041687028267574436,8,0.020210988716808403,True,0.020843514133787218,0.0060690597806233645,0.9939309402193767,7.852930748378576e-07,2.6452582458226197e-11,16.395783899697946,1810.771820578817,0.5306492328124075,1235.0703754638769,2.7133205040866764e-09,0.3597433526273571,0.9711111111111113,1811.3860629307721,0.5307859615795695,1234.6619165406562,1.0546718105526986e-10,4.1113399937735496e-08,0.23365880155399954,70.44687211506191,70.44218280883386,2619,0.11685502125171947,0.033910073866937,False,False,-5.442182808833863
1,n-Hexacosane (C26),0.04390917717205873,8,0.01946551084820332,True,0.021954588586029364,0.007092257600152579,0.9929077423998475,8.549481949009199e-07,2.773667227082617e-11,16.63277810423373,1810.7624445536333,0.5306492328124075,1235.0703754638769,2.7133205040866764e-09,0.35961435364819766,0.9711111111111113,1810.9070970076066,0.5307389259970933,1234.785683175178,1.1056646553422947e-10,3.324654865451947e-08,0.27305191760587433,70.42302014861176,70.41706653652446,2416,0.11628971286537117,0.00798784510880484,False,False,-5.417066536524459
1,NONE_plain_tank,0.04133635768862643,11,0.014954827201737117,True,0.020668178844313215,0.0081361308173709,0.9918638691826291,5.950923429607976e-07,1.483250526342602e-11,12.029769195255936,1810.8378065725044,0.5307112581884568,1235.3911956841318,2.7133205040866764e-09,0.3527280155284355,0.98,1809.9340445647624,0.5311391962515881,1233.7324358315725,5.910753347479595e-11,1.4764530592159126e-08,0.0,70.44087617607511,70.44087617607511,0,0.0,0.04993342218496795,False,True,4.559123823924892
1,NONE_plain_tank,0.040360767775090754,14,0.013792202998897279,True,0.020180383887545377,0.009639065048472648,0.9903609349515273,6.138162987846169e-07,1.410979832811537e-11,10.832700822075141,1810.8125950848478,0.5306632695103121,1235.4735240492687,2.7133205040866764e-09,0.39968045321076073,0.98,1809.9340445647624,0.5311391962515881,1233.7324358315725,5.6227546337480586e-11,1.4764530592159126e-08,0.0,70.44087617607511,70.44087617607511,0,0.0,0.048540471556057244,False,True,4.559123823924892
1,NONE_plain_tank,0.04221811694993086,13,0.012401878529697532,True,0.02110905847496543,0.01024397585396612,0.9897560241460339,5.316568245483543e-07,1.098923892922234e-11,10.188963843620355,1810.8104267132244,0.5306813315892095,1235.4439786392475,2.7133205040866764e-09,0.40066166865144426,0.9766666666666667,1809.9340445647624,0.5311391962515881,1233.7324358315725,4.379211713294476e-11,1.4764530592159126e-08,0.0,70.44087617607511,70.44087617607511,0,0.0,0.04842066765326336,False,True,4.559123823924892
1,NONE_plain_tank,0.040037624112550484,8,0.01827553392234601,True,0.020018812056275242,0.005376795250843975,0.994623204749156,5.695867269418589e-07,1.7349169249906626e-11,14.239084290430792,1810.7943823002431,0.5308043033546516,1235.272179384024,2.7133205040866764e-09,0.3198420193392071,0.9733333333333334,1809.9340445647624,0.5311391962515881,1233.7324358315725,6.913643946091173e-11,1.4764530592159126e-08,0.0,70.44087617607511,70.44087617607511,0,0.0,0.04753420369456528,False,True,4.559123823924892
1,NONE_plain_tank,0.04205762570851731,16,0.012342062205509832,True,0.021028812854258654,0.012464729427663994,0.987535270572336,6.568204885922643e-07,1.3510865546765145e-11,10.101274469986668,1810.7665979720075,0.5306092818827698,1235.5921554184172,2.7133205040866764e-09,0.4581243689805046,0.9766666666666667,1809.9340445647624,0.5311391962515881,1233.7324358315725,5.3840799203842546e-11,1.4764530592159126e-08,0.0,70.44087617607511,70.44087617607511,0,0.0,0.045999101997404104,False,True,4.559123823924892
2,n-Octacosane (C28),0.04060017305999025,10,0.01457906508596024,True,0.020300086529995126,0.007008293354367961,0.9929917066456321,4.83427502120049e-07,1.1746535029585628e-11,11.518641155528046,1750.8448535770183,0.5321991546327499,1138.6673692073732,2.7133205040866768e-09,0.36509733385173637,0.9666666666666667,1750.9311380445695,0.5322965751143236,1138.4302394019032,4.601476692990786e-11,9.002226692472722e-05,0.3188773476237422,72.02265825291425,72.0194566014878,1565,0.03456467901429264,0.004927918961310903,False,False,-7.0194566014878035
2,n-Octacosane (C28),0.044380979511142976,8,0.016043949815463882,True,0.022190489755571488,0.00732334095660629,0.9926766590433937,6.048047150871927e-07,1.617242749502475e-11,13.85644643144415,1750.806078988588,0.5322062480662895,1138.6441299453136,2.7133205040866768e-09,0.36576308900895993,0.99,1750.492373879522,0.5323012219934034,1138.4189284997767,6.335211545590506e-11,8.809073647990154e-05,0.3332120135255862,72.05197536359432,71.99523235293606,917,0.033659319087274917,0.017920964052584212,False,False,-6.995232352936057
2,n-Octacosane (C28),0.041300653430437324,8,0.02883235865806122,True,0.020650326715218662,0.005901866389535753,0.9940981336104643,1.5394021484590508e-06,7.397432477226892e-11,23.17292114062393,1750.745213360391,0.5321823216056311,1138.7098355478752,2.7133205040866768e-09,0.36232136534405773,0.9533333333333334,1751.039020953197,0.5323792439949938,1138.2290162579088,2.897820882407884e-10,8.96471117644195e-05,0.26853492072387675,72.04964609747151,72.04737932974585,1781,0.03457030462454076,0.01677904314468081,False,False,-7.047379329745851
2,n-Octacosane (C28),0.04401790233006704,9,0.024233673694115554,True,0.02200895116503352,0.008038206422026148,0.9919617935779739,1.5010164789807987e-06,6.062523926851822e-11,20.758324057951956,1750.7332272812557,0.5322179045471231,1138.6291968538221,2.7133205040866768e-09,0.3617539666044003,0.9766666666666667,1750.8298908092893,0.5322169911735452,1138.623953537683,2.374875865939553e-10,9.03676230509022e-05,0.3657383922021898,72.02617105913075,71.99218918515547,1383,0.03407968921375293,0.005521011980717243,False,False,-6.992189185155468
2,n-Octacosane (C28),0.044857182992593066,8,0.028093149232318197,True,0.022428591496296533,0.007561615581873017,0.9924383844181269,1.8802137956707613e-06,8.80352112507369e-11,24.52314194895041,1750.6773240489958,0.532165143633876,1138.7471682766038,2.7133205040866768e-09,0.36426466884296127,0.98,1750.466640420512,0.5322820514344906,1138.4655912839496,3.448559312714199e-10,8.817391648711074e-05,0.3440535089752223,72.02691330045107,71.99310058626591,1354,0.03381989595064525,0.012035855103940098,False,False,-6.993100586265911
2,PureTemp 58,0.04181287544018909,11,0.02295195767564692,True,0.020906437720094546,0.008420762277840449,0.9915792377221595,1.4243871203165243e-06,5.4487454832069096e-11,18.67555247127902,1750.7557379939435,0.5326358865456731,1137.6051404402476,2.713320504086677e-09,0.3731964520845848,0.9483333333333334,1750.76390215337,0.5326611325344317,1137.5428753823844,2.1342811734771183e-10,8.799298711934722e-05,0.3747239213639,72.02610741807334,72.02218524788131,2563,0.10354153056774473,0.0004663198399567433,False,False,-7.0221852478813105
2,PureTemp 58,0.042290780529193835,11,0.02103431136664604,True,0.021145390264596917,0.008712813242965219,0.9912871867570348,1.2433171213754988e-06,4.3587199097490486e-11,17.31082190082772,1750.7466342357457,0.5326355042811682,1137.606012750793,2.713320504086677e-09,0.38520320380959017,0.965,1750.746674565694,0.5326574820651353,1137.5517609376611,1.7073348037571208e-10,8.806813522997846e-05,0.38772018931195223,72.02003446380736,72.01573564477731,2470,0.10341228488555258,2.303585608311184e-06,False,False,-7.015735644777308
2,PureTemp 58,0.041608170189208045,8,0.0313975984925885,True,0.020804085094604022,0.00603468292719082,0.9939653170728092,1.8636965406730462e-06,9.752599282679738e-11,25.422528202865127,1750.7272856228299,0.5326380367835126,1137.6000397741466,2.7355542906171007e-09,0.36326813400708813,0.935,1750.9025636947144,0.5326982404577199,1137.452551515282,3.8201879559694957e-10,8.734143085132925e-05,0.2685433902599915,72.06821248301821,72.06550767061941,2715,0.10354434879593086,0.010010726782803335,False,False,-7.065507670619411
2,PureTemp 58,0.043517538668379624,9,0.032109305854465815,True,0.021758769334189812,0.007767193043068637,0.9922328069569314,2.524647740899403e-06,1.3510781081220854e-10,27.19186090720616,1750.7210473459718,0.5326379412173866,1137.5998653120378,2.7355542906171007e-09,0.3592763300314635,0.955,1750.800331600809,0.5326709284783124,1137.5190312150253,5.292210479449144e-10,8.780700906315017e-05,0.34564009041655436,72.0361099842391,72.03229442071391,2480,0.10312223112897619,0.004528457837602545,False,False,-7.03229442071391
2,PureTemp 58,0.04511899253490331,9,0.01386908697822593,True,0.022559496267451656,0.008656639031610203,0.9913433609683898,5.438459442759033e-07,1.2571077839863193e-11,12.177298575631886,1750.7146004392944,0.5326356476303574,1137.6052567483207,2.713320504086677e-09,0.38548957672574397,0.975,1750.7446568620305,0.5326710132305925,1137.5188249207085,4.924126109543101e-11,8.802176064584852e-05,0.3852204369066541,72.01555978216936,72.01093179900386,1302,0.10244650102477236,0.0017167793497667417,False,False,-7.010931799003856
2,n-Hexacosane (C26),0.04213917735979503,11,0.02140529297642443,True,0.021069588679897513,0.00861944816605454,0.9913805518339455,1.2724234843666877e-06,4.539432912158627e-11,17.552982452780633,1750.7715317176173,0.5326628953199776,1137.5402612947753,2.7133205040866764e-09,0.37800169171408526,0.961111111111111,1751.1191067470234,0.5326787258638146,1137.5000517101262,1.778146309834255e-10,9.078725629662408e-05,0.3318487543930998,72.06588596499437,72.06386438939741,4552,0.14066995157524836,0.019848737191366216,False,False,-7.063864389397409
2,n-Hexacosane (C26),0.043693989439213834,9,0.02854427917458121,True,0.021846994719606917,0.007862057677124366,0.9921379423228757,2.0260475257393146e-06,9.63867769927875e-11,24.270821085964997,1750.76118044528,0.5326641846798185,1137.5368152230853,2.7133205040866764e-09,0.35952280060176955,0.9566666666666667,1751.1654015743945,0.5326895244112199,1137.4737671198204,3.7756173123909013e-10,9.050182734391093e-05,0.30268922056928815,72.07549299740177,72.07357398470124,4503,0.14029363015380492,0.023082978269853095,False,False,-7.073573984701241
2,n-Hexacosane (C26),0.04610043834334417,8,0.017644495756079685,True,0.023050219171672087,0.008207932374007704,0.9917920676259923,8.194352564499651e-07,2.4097536508022465e-11,15.829164618873005,1750.7463694292303,0.5326651643933288,1137.5362106323773,2.7133205040866764e-09,0.36825085217278186,0.9744444444444443,1750.7649341970794,0.5326857643880216,1137.4829193386881,9.43937320702325e-11,8.85649836169173e-05,0.31600539639929665,72.05902717138551,72.05659228281849,2985,0.13959718097560875,0.0010603803792523878,False,False,-7.056592282818485
2,n-Hexacosane (C26),0.04011463534197006,13,0.025636357043480232,True,0.02005731767098503,0.008787807120411233,0.9912121928795887,1.8600269740169421e-06,7.947385936067076e-11,20.012569321830448,1750.7288303503208,0.5326592139678672,1137.5434515564868,2.7133205040866764e-09,0.39105145738949576,0.941111111111111,1751.1103816490374,0.5326628572074056,1137.5386773804837,3.1130904134765035e-10,9.085971698584861e-05,0.3383305741358325,72.06670951494795,72.06509568708788,4830,0.14111519156375557,0.021789106084640308,False,False,-7.065095687087876
2,n-Hexacosane (C26),0.04129766244282271,13,0.012062682331513402,True,0.020648831221411354,0.009588449398689951,0.99041155060131,4.699415196349413e-07,9.447925442908274e-12,9.694223992501104,1750.7143950657512,0.5326589868840815,1137.54489062323,2.7133205040866764e-09,0.41539719377333484,0.9544444444444444,1751.0601883469847,0.5326768308087118,1137.504664436738,3.700818006587662e-11,9.11448103689788e-05,0.3691553018495632,72.05224910306308,72.04970870276281,4380,0.14085027766600022,0.019747652509870976,False,False,-7.049708702762814
2,NONE_plain_tank,0.04433585636208756,8,0.012668665500400546,True,0.02216792818104378,0.007301026239030407,0.9926989737609696,3.802468345344294e-07,8.028699923838068e-12,10.930239040244068,1750.7854104666171,0.5329009624605474,1137.0150015755128,2.7133205040866768e-09,0.32180389027467343,0.9566666666666667,1749.798578875721,0.5330281915884771,1136.649422171359,3.14457413683943e-11,8.067659965923695e-05,0.0,72.0881010643225,72.0881010643225,0,0.0,0.056396867777215996,False,True,2.911898935677499
2,NONE_plain_tank,0.04276471873120852,10,0.01254531894869369,True,0.02138235936560426,0.008190029722677059,0.991809970277323,4.243545555589416e-07,8.872772078030133e-12,10.440252836529082,1750.7700987838732,0.532898007828864,1137.0188374670117,2.7133205040866768e-09,0.3471611053748607,0.9566666666666667,1749.798578875721,0.5330281915884771,1136.649422171359,3.475169063893116e-11,8.067659965923695e-05,0.0,72.0881010643225,72.0881010643225,0,0.0,0.05552181376078448,False,True,2.911898935677499
2,NONE_plain_tank,0.044682242270429856,9,0.019666660979143852,True,0.022341121135214928,0.008407676719529949,0.9915923232804701,1.0431450930877488e-06,3.419196816302369e-11,17.10051853121231,1750.7454478916386,0.5329001240576223,1137.0164880684388,2.7133205040866768e-09,0.3349861660407879,0.9733333333333334,1749.798578875721,0.5330281915884771,1136.649422171359,1.3391854197189265e-10,8.067659965923695e-05,0.0,72.0881010643225,72.0881010643225,0,0.0,0.05411302919939557,False,True,2.911898935677499
2,NONE_plain_tank,0.04468235067177792,9,0.02588592467002595,True,0.02234117533588896,0.008407737912007449,0.9915922620879926,1.7896743573627705e-06,7.721229266428297e-11,22.508335751994274,1750.7112466991255,0.5329004824305956,1137.0163136063297,2.7133205040866768e-09,0.33620782869872284,0.9733333333333334,1749.798578875721,0.5330281915884771,1136.649422171359,3.02414812934858e-10,8.067659965923695e-05,0.0,72.0881010643225,72.0881010643225,0,0.0,0.05215845037380799,False,True,2.911898935677499
2,NONE_plain_tank,0.044718230278828944,10,0.01893932456699455,True,0.022359115139414472,0.009364453599901372,0.9906355464000987,1.0873752502417372e-06,3.432358798407531e-11,16.481350064533824,1750.6894861856701,0.5328973943298727,1137.0217659312736,2.7133205040866768e-09,0.38191740868529955,0.9733333333333334,1749.798578875721,0.5330281915884771,1136.649422171359,1.344340529375633e-10,8.067659965923695e-05,0.0,72.0881010643225,72.0881010643225,0,0.0,0.05091484932634908,False,True,2.911898935677499
3,n-Octacosane (C28),0.04814486014393921,8,0.031704721091917236,True,0.024072430071969606,0.00934906960887058,0.9906509303911294,2.965688169219046e-06,1.5671052708448083e-10,29.704179159735325,1816.8780858030066,0.5431923690879256,1120.5480923947728,2.7355542906171e-09,0.42964277601484385,0.99,1816.9987674174145,0.543290302955043,1120.3003687587202,6.192351181687247e-10,3.214128858209471e-08,0.4253826672036114,70.19159580920646,70.17148230385139,347,0.031659987486287226,0.006641810471859381,False,False,-5.171482303851391
3,n-Octacosane (C28),0.04586848499891505,8,0.021332690960903813,True,0.022934242499457524,0.008084660603779324,0.9919153393962207,1.1706473679444128e-06,4.162176420758936e-11,19.04161268030569,1816.855784763028,0.5431194848196874,1120.6808679292137,2.7133205040866764e-09,0.37138605087163046,0.98,1817.1326700122827,0.5433942845559869,1120.0453038309654,1.6446666702637744e-10,3.1012176359999494e-08,0.36785205747195926,70.22976128274338,70.21231369711393,396,0.03215255931261088,0.015237481215550162,False,False,-5.2123136971139274
3,n-Octacosane (C28),0.04132107396533438,8,0.03706337803180968,True,0.02066053698266719,0.0059106250064667725,0.9940893749935332,2.5355050255198474e-06,1.5662396877065894e-10,29.80302101763705,1816.853603279482,0.5431575442033636,1120.5480923947728,2.9250369653541347e-09,0.3685050866858726,0.9633333333333334,1817.7903405678358,0.5435404713762986,1119.6867102872716,6.18886560601437e-10,3.732663813820742e-08,0.2689334377942382,70.31345243561641,70.30260744823762,1291,0.034495043515805124,0.0515316462767143,False,False,-5.302607448237623
3,n-Octacosane (C28),0.05012239780795324,8,0.031238958665202828,True,0.02506119890397662,0.010549068736044736,0.9894509312639552,3.261584841879784e-06,1.698141900975578e-10,30.469973512018615,1816.8422070536883,0.5431578498181919,1120.685223325663,2.7355542906171e-09,0.48648124347856425,1.0,1816.8735082168744,0.5431891110304252,1120.548590662477,6.710136965789511e-10,3.321271035599401e-08,0.4799826274900355,70.14879897548657,70.1037909417859,215,0.030768236668934194,0.0017228036538873607,False,False,-5.103790941785903
3,n-Octacosane (C28),0.05032043104817699,8,0.022765736888214323,True,0.025160215524088494,0.010674601299007788,0.9893253987009922,1.7724481431272112e-06,6.725181345739689e-11,22.293063550481914,1816.8330790174302,0.5431724381898305,1120.64250577866,2.7133205040866764e-09,0.47594917159862926,0.9966666666666667,1816.8619773209784,0.5431762605465099,1120.580112659847,2.6574273871867486e-10,3.331030614835386e-08,0.48569435910485437,70.13840100184373,70.02123319405686,156,0.03022818915014809,0.0015905613034411569,False,False,-5.021233194056862
3,PureTemp 58,0.04422987116331904,8,0.03504147515527764,True,0.02211493558165952,0.0072487918302682015,0.9927512081697318,2.788201023569058e-06,1.6283779482552474e-10,30.16072272198117,1817.3190326965896,0.5437766805872405,1119.0035057502616,2.855575520595235e-09,0.366762246887854,0.9566666666666667,1817.5619393992226,0.5438649690258821,1118.8907236050488,6.434331915275722e-10,2.9233475554042454e-08,0.322571236446935,70.31264918591415,70.29394857419689,2057,0.10574737735477084,0.013364425022749225,False,False,-5.2939485741968895
3,PureTemp 58,0.049187457410337726,8,0.016353281055690692,True,0.024593728705168863,0.009969691641225999,0.990030308358774,8.645708015106603e-07,2.3564282182746e-11,15.653193851581438,1817.3050110644222,0.5437933538122101,1119.1036034384526,2.713320504086676e-09,0.4526099831940289,0.9866666666666667,1817.3904212000955,0.5438473271772911,1118.9339987306043,9.311131550995572e-11,3.0971170097791067e-08,0.443651278034557,70.2409120159683,70.21248235393242,736,0.10491633253687839,0.004699603050451228,False,False,-5.212482353932415
3,PureTemp 58,0.04791563544264279,8,0.018209131089475424,True,0.023957817721321394,0.00921616753623398,0.990783832463766,9.82593811642588e-07,2.982029920651201e-11,16.978923970818922,1817.3050110644222,0.5438044211438265,1119.0881850108426,2.713320504086676e-09,0.4173797534054787,0.9766666666666667,1817.4365792997303,0.5438557148615273,1118.913423897612,1.1783118477709243e-10,3.047481703397564e-08,0.4101194553624121,70.2614829320544,70.23783174718892,858,0.10531732270195752,0.007239220163534783,False,False,-5.23783174718892
3,PureTemp 58,0.04564763716344264,8,0.014057162598550738,True,0.02282381858172132,0.007968443759853259,0.9920315562401467,5.098258444412039e-07,1.1944507987089065e-11,12.487044510321304,1817.3000692012522,0.5437926877125557,1119.0951593248715,2.713320504086676e-09,0.3750386057091642,0.96,1817.5166108247806,0.5438729629568,1118.8711146416022,4.719723024745971e-11,2.9647199599750176e-08,0.35459574731347004,70.29013052706289,70.26911078116628,952,0.10585140701253375,0.011914148252552296,False,False,-5.269110781166276
3,PureTemp 58,0.04840914544759205,8,0.01208938133151308,True,0.024204572723796024,0.009503878021458202,0.9904961219785418,4.574308639242834e-07,9.21676024464022e-12,11.388726985406903,1817.3000692012522,0.543792554492625,1119.0896834467223,2.713320504086676e-09,0.434406317040718,0.9666666666666667,1817.4224056669032,0.5438561046355507,1118.912467789202,3.641887601161212e-11,3.0629829943091756e-08,0.42292257195488997,70.24998661576059,70.2198379697789,717,0.10504945855879476,0.006731317126360003,False,False,-5.219837969778894
3,n-Hexacosane (C26),0.04428651745631575,8,0.0280514833926766,True,0.022143258728157873,0.007276678637568041,0.9927233213624319,1.802796423273506e-06,8.428518987972255e-11,24.17525431991781,1817.3886384500238,0.5438757542541695,1118.8677946876753,2.7133205040866768e-09,0.3586937234403884,0.9533333333333334,1817.9837829171217,0.5438994674179704,1118.8060996926858,3.3302249149161104e-10,3.934060612826696e-08,0.2801521275463696,70.35250908401296,70.34060946951807,4205,0.15142446789873573,0.032736511331415113,False,False,-5.340609469518071
3,n-Hexacosane (C26),0.044235882692064174,8,0.01761983147332759,True,0.022117941346032087,0.007251747903320971,0.992748252096679,7.193277175212391e-07,2.1124055261362716e-11,15.167714210387647,1817.3476401184232,0.5438620935996052,1118.9090306176809,2.7133205040866768e-09,0.36056753134457664,0.96,1817.600394461719,0.5438891612538816,1118.831380520975,8.346730352066973e-11,3.078660997937585e-08,0.2791922942778574,70.34481576032303,70.33099951657027,3957,0.15142639279945522,0.013905935763759824,False,False,-5.330999516570273
3,n-Hexacosane (C26),0.04137794521524471,9,0.025893836394950027,True,0.020688972607622355,0.006676946373976886,0.9933230536260231,1.4155189362648699e-06,6.108869291599373e-11,20.850141616792133,1817.2949528634929,0.5438551856610778,1118.8985146521923,2.7133205040866768e-09,0.35597767479864106,0.94,1818.0229724395172,0.5438948182969255,1118.817503899898,2.4136991025144386e-10,3.86816968995805e-08,0.25706243539811013,70.36354303775808,70.35381918288219,4569,0.15195530433544419,0.04004457518198388,False,False,-5.353819182882191
3,n-Hexacosane (C26),0.04422297863876451,9,0.014679342341660094,True,0.022111489319382255,0.008151078971597184,0.9918489210284028,5.704709271415054e-07,1.3956896725790651e-11,12.632760983927946,1817.2656169916781,0.5438522729174361,1118.9355638298287,2.7133205040866768e-09,0.369659742773253,0.9566666666666667,1817.5396932185,0.5438905650445517,1118.8279370486437,5.514718818769504e-11,3.164939661039705e-08,0.31381654040649165,70.32966939982299,70.31738696852702,2875,0.15163199838831762,0.015079518089446946,False,False,-5.317386968527018
3,n-Hexacosane (C26),0.042245904875779755,10,0.0192716169877422,True,0.021122952437889878,0.007895551459452642,0.9921044485405474,9.431165115563149e-07,3.029230030921474e-11,15.843329762927292,1817.2623371747027,0.5438443767785137,1118.9343176660152,2.7133205040866768e-09,0.3625654181276777,0.94,1817.944950030408,0.5438920092125348,1118.8243945315164,1.196890857856495e-10,4.0089673835063097e-08,0.3039787311889267,70.34440262186273,70.33266133630038,4295,0.15195720670895907,0.03754859880075088,False,False,-5.332661336300376
3,NONE_plain_tank,0.04287760432778111,8,0.03279074380971995,True,0.021438802163890554,0.00660404679461635,0.9933959532053837,2.224678489925324e-06,1.2158143737022658e-10,27.360590716748842,1817.3136105313704,0.544157356171288,1118.1463009540525,2.7596718728147597e-09,0.3182483635942007,0.9633333333333334,1816.5040378565952,0.5442213253493946,1118.0165881898743,4.80287204757852e-10,9.792063875581539e-09,0.0,70.36643638447819,70.36643638447819,0,0.0,0.04456762318736262,False,True,4.633563615521808
3,NONE_plain_tank,0.049923815214474615,8,0.017603474034770344,True,0.024961907607237308,0.01042418009915957,0.9895758199008404,1.0457065802855998e-06,3.068011439007674e-11,17.102115700698374,1817.2892875378295,0.5441194037485801,1118.2825978297,2.7133205040866764e-09,0.36825447533781724,0.9933333333333333,1816.5040378565952,0.5442213253493946,1118.0165881898743,1.211966785457187e-10,9.792063875581539e-09,0.0,70.36643638447819,70.36643638447819,0,0.0,0.043228622941067336,False,True,4.633563615521808
3,NONE_plain_tank,0.043501912571471665,8,0.018457008293920017,True,0.021750956285735833,0.006896736900378915,0.993103263099621,7.483961890869063e-07,2.3021924448525272e-11,15.62475973278682,1817.2892875378295,0.5441270884715734,1118.2652033527422,2.7133205040866764e-09,0.3180458596990202,0.9633333333333334,1816.5040378565952,0.5442213253493946,1118.0165881898743,9.094427554653599e-11,9.792063875581539e-09,0.0,70.36643638447819,70.36643638447819,0,0.0,0.043228622941067336,False,True,4.633563615521808
3,NONE_plain_tank,0.04608327111144388,10,0.023909538798625,True,0.02304163555572194,0.010248457739188902,0.9897515422608111,1.8841192685939157e-06,7.508070458947198e-11,21.441649227757523,1817.2342836565117,0.5441210372525334,1118.2249457244643,2.7133205040866764e-09,0.3907183126937111,0.9733333333333334,1816.5040378565952,0.5442213253493946,1118.0165881898743,2.965938100298071e-10,9.792063875581539e-09,0.0,70.36643638447819,70.36643638447819,0,0.0,0.04020061528617004,False,True,4.633563615521808
3,NONE_plain_tank,0.04287171195521289,9,0.020833329056487417,True,0.021435855977606444,0.007426490088764085,0.9925735099112359,1.028173327980308e-06,3.570045544819586e-11,17.380937134480522,1817.2320564631054,0.5441077353509898,1118.2707341165408,2.7133205040866764e-09,0.32456270798391745,0.9666666666666667,1816.5040378565952,0.5442213253493946,1118.0165881898743,1.4102869917209703e-10,9.792063875581539e-09,0.0,70.36643638447819,70.36643638447819,0,0.0,0.04007800650799754,False,True,4.633563615521808
4,n-Octacosane (C28),0.04132892795641088,9,0.01661482149942314,True,0.02066446397820544,0.006653245483319585,0.9933467545166804,5.893363761378452e-07,1.631953115441199e-11,13.362678177302348,1622.9149532367255,0.5097072530833857,1312.034953739407,2.713320504086676e-09,0.3708844167945298,0.97,1623.382027298325,0.5100550109554973,1311.16812119499,6.434156485763681e-11,5.626237015713921e-08,0.30272266949104115,65.41663002799022,61.8009419522874,0,0.0010490658197329446,0.02877166641895437,False,True,3.1990580477125974
4,n-Octacosane (C28),0.04061701123564423,9,0.010381587404178329,True,0.020308505617822114,0.0063153149884389885,0.993684685011561,2.233196555536196e-07,3.864020872001501e-12,8.205695877873541,1622.912393562945,0.50969342987376,1312.074987976194,2.713320504086676e-09,0.374286129172048,0.9533333333333334,1623.4122274485599,0.5100833496916386,1311.0922823799103,1.523443895742519e-11,5.48731545620878e-08,0.287346831973974,65.42335583230192,61.74903814145556,0,0.001018529200321253,0.030789092084173058,False,True,3.250961858544443
4,n-Octacosane (C28),0.04051324474088018,17,0.0203511704689121,True,0.02025662237044009,0.011837735232651057,0.9881622647673489,1.6318358387441589e-06,5.534961555260422e-11,16.044644868488188,1622.883867544327,0.5095889962486204,1312.390491953553,2.713320504086676e-09,0.5067156276194617,0.97,1622.9118093110674,0.5096182110338101,1312.3370649447231,2.18223546763134e-10,8.049488168946068e-08,0.5386169530856231,65.35900821301311,61.880238939099854,0,0.0011206507444227684,0.0017217057994254202,False,True,3.119761060900146
4,n-Octacosane (C28),0.04275043187578256,8,0.010605411324336327,True,0.02137521593789128,0.006545459263033019,0.9934545407369669,2.403464897062152e-07,4.248288972824632e-12,8.822907226871143,1622.882158291239,0.5097178804050266,1312.0719438611998,2.713320504086676e-09,0.37921344126100776,0.9633333333333334,1622.9903308129406,0.5100648882776901,1311.1416879621343,1.6748879275326624e-11,3.530043660591672e-08,0.2978183964680024,65.41840891490087,61.62958363666106,0,0.0009368850017598407,0.0066650133181882535,False,True,3.37041636333894
4,n-Octacosane (C28),0.04223543017497139,11,0.024235141292265828,True,0.021117715087485694,0.008678647896178343,0.9913213521038217,1.6348698154296228e-06,6.603550161899578e-11,19.918937416654362,1622.8657038493893,0.5096514378513253,1312.1563784268335,2.713320504086676e-09,0.39607267452782063,0.97,1623.1981093414738,0.5098843634626221,1311.624800123488,2.603541367296123e-10,6.491977467548632e-08,0.39487847927611464,65.39793853331662,61.81629553478576,0,0.0010642767429020995,0.020478430215726776,False,True,3.183704465214241
4,RT64HC,0.04034996164151842,11,0.016892770310458185,True,0.02017498082075921,0.007567469543223481,0.9924325304567765,7.001443635260287e-07,1.9712296528678568e-11,13.264402518403683,1622.9091836741843,0.5096836203296259,1312.1847852231697,2.7133205040866764e-09,0.3754078327306528,0.9761111111111113,1623.2692817597608,0.5099453695962244,1311.4615383300923,7.771791931955754e-11,6.187807934198539e-08,0.33296865990183316,65.48493225747482,63.48052445458162,0,0.00010659160849523237,0.02218350889916018,False,True,1.5194755454183806
4,RT64HC,0.04161630749486804,10,0.010071273285791769,True,0.02080815374743402,0.007547780283339844,0.9924522197166602,2.548575323573698e-07,4.277899762189316e-12,8.156270371519401,1622.905433394557,0.509670893402102,1312.2229808018237,2.7133205040866764e-09,0.37786799416485,0.9644444444444445,1623.2692918701248,0.5099470303877818,1311.4570937965332,1.6866095134648977e-11,6.162841708415641e-08,0.33210233246695314,65.49243249661477,63.42764676621121,0,9.507168504631403e-05,0.022415164100634422,False,True,1.5723532337887889
4,RT64HC,0.04092615649054607,9,0.020000046543355285,True,0.020463078245273034,0.006460617196335848,0.9935393828036642,8.23006311464709e-07,2.7433607557948895e-11,15.928528468255704,1622.8853630172084,0.5096865917662685,1312.1768184440448,2.7133205040866764e-09,0.3677111367641487,0.9694444444444446,1623.3736630813712,0.5100435841573254,1311.1987010638024,1.0816004597581684e-10,5.690468471895018e-08,0.28426715663877733,65.48310384607211,63.47753213821318,0,0.00010516081457606683,0.030079338803361506,False,True,1.5224678617868221
4,RT64HC,0.041444576217283445,9,0.02269225425738426,True,0.020722288108641723,0.006709254050424833,0.9932907459495751,1.0965945014326255e-06,4.1473668739597784e-11,18.301598913424293,1622.8729561645364,0.5096867865898467,1312.1674665972644,2.7133205040866764e-09,0.3659127736533984,0.9583333333333334,1623.350146745428,0.5100215232209475,1311.2577395214848,1.6351454719155637e-10,5.8010156982084494e-08,0.2952071782186927,65.48386638166978,63.47553836224667,0,0.00010490781947804012,0.0293954192105934,False,True,1.5244616377533333
4,RT64HC,0.04152717041899265,10,0.023488058123310163,True,0.020763585209496324,0.007499384802946553,0.9925006151970535,1.3192963743343101e-06,5.164618320372773e-11,18.981177141322704,1622.8661880128416,0.5096865681829548,1312.1681289580633,2.7133205040866764e-09,0.370127533746241,0.9483333333333334,1623.2756125424091,0.5099514089911716,1311.4453759806383,2.0362081574510406e-10,6.155881197930963e-08,0.3299729313296484,65.48524304396143,63.477401750186424,0,0.00010586801590608705,0.025222120409134324,False,True,1.5225982498135764
4,n-Hexacosane (C26),0.040453476852790785,15,0.016281533696076385,True,0.020226738426395392,0.010398900877907851,0.9896010991220922,9.190139503148393e-07,2.493826099869221e-11,12.817250002304279,1622.9493171197716,0.5097718205582626,1311.9181024853758,2.7133205040866768e-09,0.42643439544684064,0.99,1623.107899156736,0.5098997433049962,1311.583641300598,9.832325036423888e-11,7.711597735170695e-08,0.4003576837994523,65.26492161119587,65.22611168005233,11,0.041050066330281784,0.009770270790178457,False,False,-0.22611168005232685
4,n-Hexacosane (C26),0.04059868733069616,16,0.013975403892099654,True,0.02029934366534808,0.011212038391462393,0.9887879616085377,7.436503262641473e-07,1.7321356106721905e-11,11.041295902375062,1622.9468300096428,0.5097516624522089,1311.9798499124954,2.7133205040866768e-09,0.44926927592250254,0.9833333333333333,1623.0376509093974,0.509845207681325,1311.7295870145579,6.829233334338046e-11,8.172721763895166e-08,0.4316634780713021,65.24584656961166,65.20411999993857,10,0.04088478452896956,0.005595735853921958,False,False,-0.20411999993856966
4,n-Hexacosane (C26),0.04071855898158215,16,0.02691527370389442,True,0.020359279490791075,0.011311645880450893,0.9886883541195491,2.676607932829676e-06,1.2006939185020963e-10,21.32725147056906,1622.8742824727342,0.5097710584023851,1311.9292064629124,2.7133205040866768e-09,0.45519558523497705,0.98,1623.0287256516408,0.5098366033075753,1311.7526136416604,4.733935889357141e-10,8.245601176474088e-08,0.43549836639735945,65.2506852727436,65.21721407800462,10,0.041312412840296,0.009515739091099292,False,False,-0.21721407800461634
4,n-Hexacosane (C26),0.04265527629249645,14,0.02500509671506774,True,0.021327638146248225,0.011378235852984716,0.9886217641470153,2.3203813884264693e-06,9.670226838907839e-11,20.75606333345958,1622.8497646303001,0.5097283767244161,1312.0300097861962,2.7133205040866768e-09,0.4567282467784936,0.98,1623.0224476924893,0.5098324463740528,1311.7637382349076,3.8126481016856846e-10,8.263342546823464e-08,0.43806208033991156,65.24147712219188,65.20152373719958,10,0.04068854908901848,0.010639597895563156,False,False,-0.2015237371995795
4,n-Hexacosane (C26),0.040311561352711495,17,0.030772195174024367,True,0.020155780676355747,0.011661821730206195,0.9883381782697938,3.5993164148740982e-06,1.8459811201929234e-10,24.13969547408088,1622.8360564256245,0.5096900816466391,1312.1918118957983,2.7355542906171003e-09,0.4781741775307016,0.9733333333333334,1622.9988655817233,0.5098121120758262,1311.8181559434213,7.278088229874236e-10,8.454738870197437e-08,0.4489801366129385,65.24774588335966,65.21128393532506,13,0.041489815180462,0.010031378305395133,False,False,-0.2112839353250564
4,NONE_plain_tank,0.0402760022048253,12,0.017849469185306006,True,0.02013800110241265,0.00821010916846811,0.9917898908315319,8.509688670366107e-07,2.531557094970791e-11,13.989923849967715,1622.9157006378102,0.5099037097111995,1311.7791595542556,2.7133205040866768e-09,0.3614356551736645,0.967777777777778,1622.354931808939,0.5106186961464176,1309.6596129557981,9.979398068375903e-11,1.5141177051145752e-08,0.0,65.3770020571702,65.3770020571702,0,0.0,0.03456511382783363,False,True,9.622997942829798
4,NONE_plain_tank,0.04026558096780185,16,0.01923850762050528,True,0.020132790483900924,0.010938317105672894,0.989061682894327,1.3430557175099057e-06,4.3063979426795845e-11,15.074712511753571,1622.9138926050036,0.5099002861878579,1311.7767301677216,2.7133205040866768e-09,0.42322865650821617,0.98,1622.354931808939,0.5106186961464176,1309.6596129557981,1.6975820690022994e-10,1.5141177051145752e-08,0.0,65.3770020571702,65.3770020571702,0,0.0,0.03445366886772386,False,True,9.622997942829798
4,NONE_plain_tank,0.04094215333799464,16,0.03048155599158582,True,0.02047107666899732,0.011499015042614153,0.9885009849573858,3.4741598397831622e-06,1.7649632946678216e-10,24.285749009418772,1622.8512743763993,0.5098883695003532,1311.8417775279538,2.7355542906170995e-09,0.44146985026558433,0.9666666666666667,1622.354931808939,0.5106186961464176,1309.6596129557981,6.957485307584471e-10,1.5141177051145752e-08,0.0,65.3770020571702,65.3770020571702,0,0.0,0.03059395682958441,False,True,9.622997942829798
4,NONE_plain_tank,0.04014609339243867,10,0.029343458823638043,True,0.020073046696219336,0.0067757674102918814,0.9932242325897082,1.8452749237483772e-06,9.024458123883724e-11,22.92441617747427,1622.8436711654947,0.509905578076514,1311.7716334668316,2.7133205040866768e-09,0.34672016243271353,0.9566666666666667,1622.354931808939,0.5106186961464176,1309.6596129557981,3.5574413924339525e-10,1.5141177051145752e-08,0.0,65.3770020571702,65.3770020571702,0,0.0,0.030125304085632437,False,True,9.622997942829798
4,NONE_plain_tank,0.04052576104842186,9,0.03269291445130562,True,0.02026288052421093,0.006272846576520969,0.9937271534234791,2.106722898584791e-06,1.1479151916006532e-10,25.782706605444112,1622.8326499304167,0.5098898625710199,1311.7732934401342,2.75967187281476e-09,0.33813056176778306,0.96,1622.354931808939,0.5106186961464176,1309.6596129557981,4.525081685286605e-10,1.5141177051145752e-08,0.0,65.3770020571702,65.3770020571702,0,0.0,0.0294459684567917,False,True,9.622997942829798
