regime_id,pcm_id,capsule_diameter_m,n_capsule,flow_rate_kg_s,valid,geom_pcm_thickness_m,geom_pcm_volume_fraction,geom_void_fraction,geom_pressure_drop_pa,geom_pump_power_w,geom_reynolds_number_particle,pred_useful_energy_kWh,pred_solar_fraction,pred_unmet_energy_kWh,pred_pump_energy_kWh,pred_pcm_mass_kg,predicted_feasible_proba
0,n-Octacosane (C28),0.04048571681313466,8,0.011303412962198275,True,0.02024285840656733,0.005559351116448241,0.9944406488835518,2.2985164662905188e-07,4.3301801364824036e-12,8.90543456107202,1674.1535994987044,0.5217857664348888,1160.2756552097228,2.7133205040866768e-09,0.37064168288211363,0.96
0,n-Octacosane (C28),0.04072623744899823,10,0.010163582420828857,True,0.020363118724499116,0.00707377896192934,0.9929262210380707,2.4234769717400625e-07,4.1052013245434745e-12,8.054986030925562,1674.1250210646626,0.5218031296698037,1160.2373762149075,2.7133205040866768e-09,0.36800941658654535,0.9566666666666667
0,n-Octacosane (C28),0.0413247754078534,11,0.04266567008088599,True,0.0206623877039267,0.008129293600329051,0.9918707063996709,4.667349570545555e-06,3.3189266154843593e-10,34.31095149706511,1673.8836588100787,0.521712155075571,1160.5336775657454,3.0533522573358772e-09,0.3996927817680481,0.9566666666666667
0,n-Octacosane (C28),0.04429425325023058,9,0.03358113360967583,True,0.02214712662511529,0.008190554049126247,0.9918094459508737,2.9116955326040775e-06,1.6296339451845626e-10,28.945857931400408,1673.823697689054,0.5217299348084056,1160.3630231561626,2.7596718728147605e-09,0.37319228313991826,0.98
0,n-Octacosane (C28),0.04164181759518114,11,0.0490899329740025,True,0.02082090879759057,0.008317835660672828,0.9916821643393272,6.307579210086322e-06,5.160644010855819e-10,39.78009406838754,1673.7337894319357,0.5216678685497593,1160.693676696076,3.5520894512161248e-09,0.4190516343649652,0.94
0,n-Hexacosane (C26),0.04143131177829899,10,0.02954595490326689,True,0.020715655889149497,0.007447571302191735,0.9925524286978082,2.058988000431285e-06,1.0139127767851735e-10,23.821571247207856,1674.140592251738,0.5221184751914542,1159.4137663291128,2.7133205040866764e-09,0.365803431733219,0.9341666666666667
0,n-Hexacosane (C26),0.041541662320047856,8,0.02078130130789077,True,0.020770831160023928,0.006005791050529443,0.9939942089494705,8.207536373548287e-07,2.842721439569668e-11,16.79965254264704,1674.135886106355,0.5221345815233666,1159.3738561799548,2.7133205040866764e-09,0.3604737814272671,0.9441666666666667
0,n-Hexacosane (C26),0.04009164753828144,11,0.03857198503874725,True,0.02004582376914072,0.007423060737292041,0.992576939262708,3.485927314239184e-06,2.24098560351657e-10,30.09328391151385,1674.1291579388667,0.5221071787578275,1159.4618587856685,2.971788862556035e-09,0.37976647101620925,0.9308333333333333
0,n-Hexacosane (C26),0.04193793496671038,9,0.020499380881230433,True,0.02096896748335519,0.006951719707767123,0.9930482802922329,9.309490072333768e-07,3.180646380046723e-11,16.729827994086754,1674.1200045359597,0.5221169995533833,1159.4086918893856,2.7133205040866764e-09,0.3579705180945232,0.9441666666666667
0,n-Hexacosane (C26),0.0409246513511336,10,0.03836278326133018,True,0.0204623256755668,0.007177671574520119,0.9928223284254799,3.323756548413064e-06,2.1251425346699543e-10,30.551939514250638,1674.1122023316675,0.5221241393337858,1159.416094654994,2.954494037390991e-09,0.3754335196529041,0.9308333333333333
0,PureTemp 58,0.040822423959836075,12,0.011628813807697815,True,0.020411211979918038,0.00854882112965587,0.9914511788703442,3.865172907425494e-07,7.491229345834849e-12,9.237998659163194,1674.104381787701,0.5220774656227994,1159.5450725924636,2.7133205040866768e-09,0.38333192053607157,0.9516666666666667
0,PureTemp 58,0.04075197977727674,10,0.04049214030081207,True,0.02037598988863837,0.00708720107076246,0.9929127989292376,3.6519855356648587e-06,2.464611844777963e-10,32.1116879050337,1674.085528217336,0.5221221139849808,1159.4263295004318,3.0158551954433094e-09,0.3812523690759072,0.95
0,PureTemp 58,0.04329278922729275,10,0.03368835911323375,True,0.021646394613646376,0.008497189799296477,0.9915028102007035,3.051499638182761e-06,1.7133335940833952e-10,28.381746333694014,1673.986866026219,0.5221207477024639,1159.3998867471676,2.759671872814761e-09,0.38427702195637276,0.97
0,PureTemp 58,0.04188737209073007,13,0.026734471289102883,True,0.020943686045365034,0.010005097248058249,0.9899949027519418,2.3084891037390625e-06,1.0286039277519801e-10,21.79206590130037,1673.966053469378,0.5220800972096552,1159.5221057088406,2.7133205040866768e-09,0.4582280956266345,0.955
0,PureTemp 58,0.04384320494034394,10,0.03245268976625854,True,0.02192160247017197,0.008825422361033772,0.9911745776389662,2.9464216705339678e-06,1.5936551399070016e-10,27.688324802259604,1673.9580460156064,0.5221216111804856,1159.4028077052653,2.7355542906171007e-09,0.3980264772429534,0.98
0,NONE_plain_tank,0.04093880434459472,9,0.01587892508897138,True,0.02046940217229736,0.00646660883143754,0.9935333911685624,5.238011087011679e-07,1.3862330944310003e-11,12.650274329714783,1674.1152275717955,0.5223588998868718,1158.859013591304,2.7133205040866768e-09,0.33064210169525693,0.9583333333333334
0,NONE_plain_tank,0.04017686590285749,8,0.03902610878193367,True,0.020088432951428745,0.0054330884015434495,0.9945669115984566,2.5808737703627093e-06,1.6786910085769063e-10,30.51230349155754,1674.111051651117,0.5223977981610001,1158.745727103172,2.971788862556035e-09,0.3222442162663256,0.9533333333333334
0,NONE_plain_tank,0.04013726484701097,8,0.0395737436476754,True,0.020068632423505484,0.00541703856567824,0.9945829614343218,2.6454002567685466e-06,1.744806526780886e-10,30.909971134594354,1674.111051651117,0.5223993649229733,1158.745727103172,2.9863426229939665e-09,0.3222442162663256,0.9533333333333334
0,NONE_plain_tank,0.040994100416514925,10,0.0325927535078906,True,0.020497050208257463,0.007214275110672855,0.9927857248893271,2.419954413944082e-06,1.3145496285668553e-10,26.00076355590413,1674.105947320826,0.5223401028952429,1158.8935483009786,2.7596718728147605e-09,0.3414414112335483,0.95
0,NONE_plain_tank,0.04017006679073673,13,0.022897670202489333,True,0.020085033395368365,0.008824287145896777,0.9911757128541032,1.4966602885822307e-06,5.711672282186405e-11,17.89936148530413,1674.0964924877323,0.5222523463018012,1159.1844022912574,2.7133205040866768e-09,0.3739985728841983,0.955
1,n-Octacosane (C28),0.04337203740832701,10,0.016641058388283413,True,0.021686018704163507,0.008543938016190808,0.9914560619838092,7.680294095158412e-07,2.130137041278658e-11,14.045411165148476,1810.7934611670307,0.5301621355409079,1236.2992608674635,2.7133205040866768e-09,0.37897899832799214,0.9933333333333333
1,n-Octacosane (C28),0.04072092494928234,12,0.012922264070374903,True,0.02036046247464117,0.008485213348327763,0.9915147866516723,4.700804110622151e-07,1.012417201009388e-11,10.239999491167907,1810.7783664077715,0.5301599721159358,1236.3058619053902,2.7133205040866768e-09,0.3835887398681677,0.9766666666666667
1,n-Octacosane (C28),0.04194908718366549,13,0.017540911436399114,True,0.020974543591832744,0.010049385705662876,0.9899506142943372,1.0181909479675934e-06,2.976666207273803e-11,14.319186974189224,1810.733904714324,0.5301570428469604,1236.3160327118708,2.7133205040866768e-09,0.45995195959841567,0.9833333333333333
1,n-Octacosane (C28),0.04099911952566035,15,0.0160746750396375,True,0.020499559762830175,0.010825387908854683,0.9891746120911453,9.353474400862375e-07,2.5059010247571796e-11,12.825089999925455,1810.7267580268156,0.5301415132533777,1236.3635136821179,2.7133205040866768e-09,0.47894372955167874,0.9866666666666667
1,n-Octacosane (C28),0.04390900677319308,13,0.014112328555366078,True,0.02195450338659654,0.011524784426102925,0.9884752155738971,7.724826098619084e-07,1.8169213989463204e-11,12.058574795038693,1810.716012224885,0.5301035680955584,1236.4702459044413,2.7133205040866768e-09,0.4945241446334603,0.9966666666666667
1,RT64HC,0.04120395837034542,10,0.016996105315808363,True,0.02060197918517271,0.007325637715694309,0.9926743622843057,6.82758418744711e-07,1.9340389983733157e-11,13.62799741143533,1810.8659138390933,0.5301776740368829,1236.2638068521787,2.713320504086676e-09,0.3637326103978394,0.9783333333333334
1,RT64HC,0.042224982881072494,11,0.012183825915922873,True,0.021112491440536247,0.008672209276344827,0.9913277907236552,4.2757959134881046e-07,8.682592176992247e-12,10.011447089484152,1810.8546930889195,0.5301755324196649,1236.2683578513208,2.713320504086676e-09,0.3879262973498067,0.9766666666666667
1,RT64HC,0.0434373290004203,12,0.012419118076257663,True,0.02171866450021015,0.010299098240201757,0.9897009017597982,5.340687957751468e-07,1.1054439059293815e-11,10.497782188308433,1810.8189336136752,0.5301725976531119,1236.2803864083478,2.713320504086676e-09,0.4678767156408852,0.99
1,RT64HC,0.04481309096076046,10,0.010818629994833287,True,0.02240654548038023,0.00942417449019061,0.9905758255098094,3.696601082970337e-07,6.6653598925260166e-12,9.434542761116198,1810.802802642134,0.5301519040896582,1236.3070436647536,2.713320504086676e-09,0.42816090712203875,0.9833333333333333
1,RT64HC,0.043246752066901914,13,0.011029126144171748,True,0.021623376033450957,0.01101114444388424,0.9889888555561157,4.587571962216641e-07,8.432818311125473e-12,9.281930015857293,1810.7982042540268,0.530118819571889,1236.4143342409209,2.713320504086676e-09,0.48778967123633765,0.99
1,n-Hexacosane (C26),0.0401140737812093,12,0.01827624980244398,True,0.02005703689060465,0.00811148129232327,0.9918885187076767,8.800983744055204e-07,2.680816290226694e-11,14.26683187983971,1810.7973687505034,0.5305771395327291,1235.250295261492,2.7133205040866764e-09,0.37186350044162586,0.967777777777778
1,n-Hexacosane (C26),0.04267998142874767,10,0.01947370660533182,True,0.021339990714373834,0.00814144106308146,0.9918585589369185,9.934684877009124e-07,3.224418975188379e-11,16.17396628584103,1810.787885590654,0.5306015596528354,1235.2056272659397,2.7133205040866764e-09,0.36823345715047295,0.967777777777778
1,n-Hexacosane (C26),0.0418173707707124,10,0.02005125405106794,True,0.0209086853853562,0.0076577077594478194,0.9923422922405521,9.878089597758029e-07,3.301134734397629e-11,16.317061567153353,1810.7823225061513,0.5306015596528354,1235.2056272659397,2.7133205040866764e-09,0.360103312149678,0.9644444444444445
1,n-Hexacosane (C26),0.041687028267574436,8,0.020210988716808403,True,0.020843514133787218,0.0060690597806233645,0.9939309402193767,7.852930748378576e-07,2.6452582458226197e-11,16.395783899697946,1810.771820578817,0.5306492328124075,1235.0703754638769,2.7133205040866764e-09,0.3597433526273571,0.9711111111111113
1,n-Hexacosane (C26),0.04390917717205873,8,0.01946551084820332,True,0.021954588586029364,0.007092257600152579,0.9929077423998475,8.549481949009199e-07,2.773667227082617e-11,16.63277810423373,1810.7624445536333,0.5306492328124075,1235.0703754638769,2.7133205040866764e-09,0.35961435364819766,0.9711111111111113
1,NONE_plain_tank,0.04133635768862643,11,0.014954827201737117,True,0.020668178844313215,0.0081361308173709,0.9918638691826291,5.950923429607976e-07,1.483250526342602e-11,12.029769195255936,1810.8378065725044,0.5307112581884568,1235.3911956841318,2.7133205040866764e-09,0.3527280155284355,0.98
1,NONE_plain_tank,0.040360767775090754,14,0.013792202998897279,True,0.020180383887545377,0.009639065048472648,0.9903609349515273,6.138162987846169e-07,1.410979832811537e-11,10.832700822075141,1810.8125950848478,0.5306632695103121,1235.4735240492687,2.7133205040866764e-09,0.39968045321076073,0.98
1,NONE_plain_tank,0.04221811694993086,13,0.012401878529697532,True,0.02110905847496543,0.01024397585396612,0.9897560241460339,5.316568245483543e-07,1.098923892922234e-11,10.188963843620355,1810.8104267132244,0.5306813315892095,1235.4439786392475,2.7133205040866764e-09,0.40066166865144426,0.9766666666666667
1,NONE_plain_tank,0.040037624112550484,8,0.01827553392234601,True,0.020018812056275242,0.005376795250843975,0.994623204749156,5.695867269418589e-07,1.7349169249906626e-11,14.239084290430792,1810.7943823002431,0.5308043033546516,1235.272179384024,2.7133205040866764e-09,0.3198420193392071,0.9733333333333334
1,NONE_plain_tank,0.04205762570851731,16,0.012342062205509832,True,0.021028812854258654,0.012464729427663994,0.987535270572336,6.568204885922643e-07,1.3510865546765145e-11,10.101274469986668,1810.7665979720075,0.5306092818827698,1235.5921554184172,2.7133205040866764e-09,0.4581243689805046,0.9766666666666667
2,n-Octacosane (C28),0.04060017305999025,10,0.01457906508596024,True,0.020300086529995126,0.007008293354367961,0.9929917066456321,4.83427502120049e-07,1.1746535029585628e-11,11.518641155528046,1750.8448535770183,0.5321991546327499,1138.6673692073732,2.7133205040866768e-09,0.36509733385173637,0.9666666666666667
2,n-Octacosane (C28),0.044380979511142976,8,0.016043949815463882,True,0.022190489755571488,0.00732334095660629,0.9926766590433937,6.048047150871927e-07,1.617242749502475e-11,13.85644643144415,1750.806078988588,0.5322062480662895,1138.6441299453136,2.7133205040866768e-09,0.36576308900895993,0.99
2,n-Octacosane (C28),0.041300653430437324,8,0.02883235865806122,True,0.020650326715218662,0.005901866389535753,0.9940981336104643,1.5394021484590508e-06,7.397432477226892e-11,23.17292114062393,1750.745213360391,0.5321823216056311,1138.7098355478752,2.7133205040866768e-09,0.36232136534405773,0.9533333333333334
2,n-Octacosane (C28),0.04401790233006704,9,0.024233673694115554,True,0.02200895116503352,0.008038206422026148,0.9919617935779739,1.5010164789807987e-06,6.062523926851822e-11,20.758324057951956,1750.7332272812557,0.5322179045471231,1138.6291968538221,2.7133205040866768e-09,0.3617539666044003,0.9766666666666667
2,n-Octacosane (C28),0.044857182992593066,8,0.028093149232318197,True,0.022428591496296533,0.007561615581873017,0.9924383844181269,1.8802137956707613e-06,8.80352112507369e-11,24.52314194895041,1750.6773240489958,0.532165143633876,1138.7471682766038,2.7133205040866768e-09,0.36426466884296127,0.98
2,PureTemp 58,0.04181287544018909,11,0.02295195767564692,True,0.020906437720094546,0.008420762277840449,0.9915792377221595,1.4243871203165243e-06,5.4487454832069096e-11,18.67555247127902,1750.7557379939435,0.5326358865456731,1137.6051404402476,2.713320504086677e-09,0.3731964520845848,0.9483333333333334
2,PureTemp 58,0.042290780529193835,11,0.02103431136664604,True,0.021145390264596917,0.008712813242965219,0.9912871867570348,1.2433171213754988e-06,4.3587199097490486e-11,17.31082190082772,1750.7466342357457,0.5326355042811682,1137.606012750793,2.713320504086677e-09,0.38520320380959017,0.965
2,PureTemp 58,0.041608170189208045,8,0.0313975984925885,True,0.020804085094604022,0.00603468292719082,0.9939653170728092,1.8636965406730462e-06,9.752599282679738e-11,25.422528202865127,1750.7272856228299,0.5326380367835126,1137.6000397741466,2.7355542906171007e-09,0.36326813400708813,0.935
2,PureTemp 58,0.043517538668379624,9,0.032109305854465815,True,0.021758769334189812,0.007767193043068637,0.9922328069569314,2.524647740899403e-06,1.3510781081220854e-10,27.19186090720616,1750.7210473459718,0.5326379412173866,1137.5998653120378,2.7355542906171007e-09,0.3592763300314635,0.955
2,PureTemp 58,0.04511899253490331,9,0.01386908697822593,True,0.022559496267451656,0.008656639031610203,0.9913433609683898,5.438459442759033e-07,1.2571077839863193e-11,12.177298575631886,1750.7146004392944,0.5326356476303574,1137.6052567483207,2.713320504086677e-09,0.38548957672574397,0.975
2,n-Hexacosane (C26),0.04213917735979503,11,0.02140529297642443,True,0.021069588679897513,0.00861944816605454,0.9913805518339455,1.2724234843666877e-06,4.539432912158627e-11,17.552982452780633,1750.7715317176173,0.5326628953199776,1137.5402612947753,2.7133205040866764e-09,0.37800169171408526,0.961111111111111
2,n-Hexacosane (C26),0.043693989439213834,9,0.02854427917458121,True,0.021846994719606917,0.007862057677124366,0.9921379423228757,2.0260475257393146e-06,9.63867769927875e-11,24.270821085964997,1750.76118044528,0.5326641846798185,1137.5368152230853,2.7133205040866764e-09,0.35952280060176955,0.9566666666666667
2,n-Hexacosane (C26),0.04610043834334417,8,0.017644495756079685,True,0.023050219171672087,0.008207932374007704,0.9917920676259923,8.194352564499651e-07,2.4097536508022465e-11,15.829164618873005,1750.7463694292303,0.5326651643933288,1137.5362106323773,2.7133205040866764e-09,0.36825085217278186,0.9744444444444443
2,n-Hexacosane (C26),0.04011463534197006,13,0.025636357043480232,True,0.02005731767098503,0.008787807120411233,0.9912121928795887,1.8600269740169421e-06,7.947385936067076e-11,20.012569321830448,1750.7288303503208,0.5326592139678672,1137.5434515564868,2.7133205040866764e-09,0.39105145738949576,0.941111111111111
2,n-Hexacosane (C26),0.04129766244282271,13,0.012062682331513402,True,0.020648831221411354,0.009588449398689951,0.99041155060131,4.699415196349413e-07,9.447925442908274e-12,9.694223992501104,1750.7143950657512,0.5326589868840815,1137.54489062323,2.7133205040866764e-09,0.41539719377333484,0.9544444444444444
2,NONE_plain_tank,0.04433585636208756,8,0.012668665500400546,True,0.02216792818104378,0.007301026239030407,0.9926989737609696,3.802468345344294e-07,8.028699923838068e-12,10.930239040244068,1750.7854104666171,0.5329009624605474,1137.0150015755128,2.7133205040866768e-09,0.32180389027467343,0.9566666666666667
2,NONE_plain_tank,0.04276471873120852,10,0.01254531894869369,True,0.02138235936560426,0.008190029722677059,0.991809970277323,4.243545555589416e-07,8.872772078030133e-12,10.440252836529082,1750.7700987838732,0.532898007828864,1137.0188374670117,2.7133205040866768e-09,0.3471611053748607,0.9566666666666667
2,NONE_plain_tank,0.044682242270429856,9,0.019666660979143852,True,0.022341121135214928,0.008407676719529949,0.9915923232804701,1.0431450930877488e-06,3.419196816302369e-11,17.10051853121231,1750.7454478916386,0.5329001240576223,1137.0164880684388,2.7133205040866768e-09,0.3349861660407879,0.9733333333333334
2,NONE_plain_tank,0.04468235067177792,9,0.02588592467002595,True,0.02234117533588896,0.008407737912007449,0.9915922620879926,1.7896743573627705e-06,7.721229266428297e-11,22.508335751994274,1750.7112466991255,0.5329004824305956,1137.0163136063297,2.7133205040866768e-09,0.33620782869872284,0.9733333333333334
2,NONE_plain_tank,0.044718230278828944,10,0.01893932456699455,True,0.022359115139414472,0.009364453599901372,0.9906355464000987,1.0873752502417372e-06,3.432358798407531e-11,16.481350064533824,1750.6894861856701,0.5328973943298727,1137.0217659312736,2.7133205040866768e-09,0.38191740868529955,0.9733333333333334
3,n-Octacosane (C28),0.04814486014393921,8,0.031704721091917236,True,0.024072430071969606,0.00934906960887058,0.9906509303911294,2.965688169219046e-06,1.5671052708448083e-10,29.704179159735325,1816.8780858030066,0.5431923690879256,1120.5480923947728,2.7355542906171e-09,0.42964277601484385,0.99
3,n-Octacosane (C28),0.04586848499891505,8,0.021332690960903813,True,0.022934242499457524,0.008084660603779324,0.9919153393962207,1.1706473679444128e-06,4.162176420758936e-11,19.04161268030569,1816.855784763028,0.5431194848196874,1120.6808679292137,2.7133205040866764e-09,0.37138605087163046,0.98
3,n-Octacosane (C28),0.04132107396533438,8,0.03706337803180968,True,0.02066053698266719,0.0059106250064667725,0.9940893749935332,2.5355050255198474e-06,1.5662396877065894e-10,29.80302101763705,1816.853603279482,0.5431575442033636,1120.5480923947728,2.9250369653541347e-09,0.3685050866858726,0.9633333333333334
3,n-Octacosane (C28),0.05012239780795324,8,0.031238958665202828,True,0.02506119890397662,0.010549068736044736,0.9894509312639552,3.261584841879784e-06,1.698141900975578e-10,30.469973512018615,1816.8422070536883,0.5431578498181919,1120.685223325663,2.7355542906171e-09,0.48648124347856425,1.0
3,n-Octacosane (C28),0.05032043104817699,8,0.022765736888214323,True,0.025160215524088494,0.010674601299007788,0.9893253987009922,1.7724481431272112e-06,6.725181345739689e-11,22.293063550481914,1816.8330790174302,0.5431724381898305,1120.64250577866,2.7133205040866764e-09,0.47594917159862926,0.9966666666666667
3,PureTemp 58,0.04422987116331904,8,0.03504147515527764,True,0.02211493558165952,0.0072487918302682015,0.9927512081697318,2.788201023569058e-06,1.6283779482552474e-10,30.16072272198117,1817.3190326965896,0.5437766805872405,1119.0035057502616,2.855575520595235e-09,0.366762246887854,0.9566666666666667
3,PureTemp 58,0.049187457410337726,8,0.016353281055690692,True,0.024593728705168863,0.009969691641225999,0.990030308358774,8.645708015106603e-07,2.3564282182746e-11,15.653193851581438,1817.3050110644222,0.5437933538122101,1119.1036034384526,2.713320504086676e-09,0.4526099831940289,0.9866666666666667
3,PureTemp 58,0.04791563544264279,8,0.018209131089475424,True,0.023957817721321394,0.00921616753623398,0.990783832463766,9.82593811642588e-07,2.982029920651201e-11,16.978923970818922,1817.3050110644222,0.5438044211438265,1119.0881850108426,2.713320504086676e-09,0.4173797534054787,0.9766666666666667
3,PureTemp 58,0.04564763716344264,8,0.014057162598550738,True,0.02282381858172132,0.007968443759853259,0.9920315562401467,5.098258444412039e-07,1.1944507987089065e-11,12.487044510321304,1817.3000692012522,0.5437926877125557,1119.0951593248715,2.713320504086676e-09,0.3750386057091642,0.96
3,PureTemp 58,0.04840914544759205,8,0.01208938133151308,True,0.024204572723796024,0.009503878021458202,0.9904961219785418,4.574308639242834e-07,9.21676024464022e-12,11.388726985406903,1817.3000692012522,0.543792554492625,1119.0896834467223,2.713320504086676e-09,0.434406317040718,0.9666666666666667
3,n-Hexacosane (C26),0.04428651745631575,8,0.0280514833926766,True,0.022143258728157873,0.007276678637568041,0.9927233213624319,1.802796423273506e-06,8.428518987972255e-11,24.17525431991781,1817.3886384500238,0.5438757542541695,1118.8677946876753,2.7133205040866768e-09,0.3586937234403884,0.9533333333333334
3,n-Hexacosane (C26),0.044235882692064174,8,0.01761983147332759,True,0.022117941346032087,0.007251747903320971,0.992748252096679,7.193277175212391e-07,2.1124055261362716e-11,15.167714210387647,1817.3476401184232,0.5438620935996052,1118.9090306176809,2.7133205040866768e-09,0.36056753134457664,0.96
3,n-Hexacosane (C26),0.04137794521524471,9,0.025893836394950027,True,0.020688972607622355,0.006676946373976886,0.9933230536260231,1.4155189362648699e-06,6.108869291599373e-11,20.850141616792133,1817.2949528634929,0.5438551856610778,1118.8985146521923,2.7133205040866768e-09,0.35597767479864106,0.94
3,n-Hexacosane (C26),0.04422297863876451,9,0.014679342341660094,True,0.022111489319382255,0.008151078971597184,0.9918489210284028,5.704709271415054e-07,1.3956896725790651e-11,12.632760983927946,1817.2656169916781,0.5438522729174361,1118.9355638298287,2.7133205040866768e-09,0.369659742773253,0.9566666666666667
3,n-Hexacosane (C26),0.042245904875779755,10,0.0192716169877422,True,0.021122952437889878,0.007895551459452642,0.9921044485405474,9.431165115563149e-07,3.029230030921474e-11,15.843329762927292,1817.2623371747027,0.5438443767785137,1118.9343176660152,2.7133205040866768e-09,0.3625654181276777,0.94
3,NONE_plain_tank,0.04287760432778111,8,0.03279074380971995,True,0.021438802163890554,0.00660404679461635,0.9933959532053837,2.224678489925324e-06,1.2158143737022658e-10,27.360590716748842,1817.3136105313704,0.544157356171288,1118.1463009540525,2.7596718728147597e-09,0.3182483635942007,0.9633333333333334
3,NONE_plain_tank,0.049923815214474615,8,0.017603474034770344,True,0.024961907607237308,0.01042418009915957,0.9895758199008404,1.0457065802855998e-06,3.068011439007674e-11,17.102115700698374,1817.2892875378295,0.5441194037485801,1118.2825978297,2.7133205040866764e-09,0.36825447533781724,0.9933333333333333
3,NONE_plain_tank,0.043501912571471665,8,0.018457008293920017,True,0.021750956285735833,0.006896736900378915,0.993103263099621,7.483961890869063e-07,2.3021924448525272e-11,15.62475973278682,1817.2892875378295,0.5441270884715734,1118.2652033527422,2.7133205040866764e-09,0.3180458596990202,0.9633333333333334
3,NONE_plain_tank,0.04608327111144388,10,0.023909538798625,True,0.02304163555572194,0.010248457739188902,0.9897515422608111,1.8841192685939157e-06,7.508070458947198e-11,21.441649227757523,1817.2342836565117,0.5441210372525334,1118.2249457244643,2.7133205040866764e-09,0.3907183126937111,0.9733333333333334
3,NONE_plain_tank,0.04287171195521289,9,0.020833329056487417,True,0.021435855977606444,0.007426490088764085,0.9925735099112359,1.028173327980308e-06,3.570045544819586e-11,17.380937134480522,1817.2320564631054,0.5441077353509898,1118.2707341165408,2.7133205040866764e-09,0.32456270798391745,0.9666666666666667
4,n-Octacosane (C28),0.04132892795641088,9,0.01661482149942314,True,0.02066446397820544,0.006653245483319585,0.9933467545166804,5.893363761378452e-07,1.631953115441199e-11,13.362678177302348,1622.9149532367255,0.5097072530833857,1312.034953739407,2.713320504086676e-09,0.3708844167945298,0.97
4,n-Octacosane (C28),0.04061701123564423,9,0.010381587404178329,True,0.020308505617822114,0.0063153149884389885,0.993684685011561,2.233196555536196e-07,3.864020872001501e-12,8.205695877873541,1622.912393562945,0.50969342987376,1312.074987976194,2.713320504086676e-09,0.374286129172048,0.9533333333333334
4,n-Octacosane (C28),0.04051324474088018,17,0.0203511704689121,True,0.02025662237044009,0.011837735232651057,0.9881622647673489,1.6318358387441589e-06,5.534961555260422e-11,16.044644868488188,1622.883867544327,0.5095889962486204,1312.390491953553,2.713320504086676e-09,0.5067156276194617,0.97
4,n-Octacosane (C28),0.04275043187578256,8,0.010605411324336327,True,0.02137521593789128,0.006545459263033019,0.9934545407369669,2.403464897062152e-07,4.248288972824632e-12,8.822907226871143,1622.882158291239,0.5097178804050266,1312.0719438611998,2.713320504086676e-09,0.37921344126100776,0.9633333333333334
4,n-Octacosane (C28),0.04223543017497139,11,0.024235141292265828,True,0.021117715087485694,0.008678647896178343,0.9913213521038217,1.6348698154296228e-06,6.603550161899578e-11,19.918937416654362,1622.8657038493893,0.5096514378513253,1312.1563784268335,2.713320504086676e-09,0.39607267452782063,0.97
4,RT64HC,0.04034996164151842,11,0.016892770310458185,True,0.02017498082075921,0.007567469543223481,0.9924325304567765,7.001443635260287e-07,1.9712296528678568e-11,13.264402518403683,1622.9091836741843,0.5096836203296259,1312.1847852231697,2.7133205040866764e-09,0.3754078327306528,0.9761111111111113
4,RT64HC,0.04161630749486804,10,0.010071273285791769,True,0.02080815374743402,0.007547780283339844,0.9924522197166602,2.548575323573698e-07,4.277899762189316e-12,8.156270371519401,1622.905433394557,0.509670893402102,1312.2229808018237,2.7133205040866764e-09,0.37786799416485,0.9644444444444445
4,RT64HC,0.04092615649054607,9,0.020000046543355285,True,0.020463078245273034,0.006460617196335848,0.9935393828036642,8.23006311464709e-07,2.7433607557948895e-11,15.928528468255704,1622.8853630172084,0.5096865917662685,1312.1768184440448,2.7133205040866764e-09,0.3677111367641487,0.9694444444444446
4,RT64HC,0.041444576217283445,9,0.02269225425738426,True,0.020722288108641723,0.006709254050424833,0.9932907459495751,1.0965945014326255e-06,4.1473668739597784e-11,18.301598913424293,1622.8729561645364,0.5096867865898467,1312.1674665972644,2.7133205040866764e-09,0.3659127736533984,0.9583333333333334
4,RT64HC,0.04152717041899265,10,0.023488058123310163,True,0.020763585209496324,0.007499384802946553,0.9925006151970535,1.3192963743343101e-06,5.164618320372773e-11,18.981177141322704,1622.8661880128416,0.5096865681829548,1312.1681289580633,2.7133205040866764e-09,0.370127533746241,0.9483333333333334
4,n-Hexacosane (C26),0.040453476852790785,15,0.016281533696076385,True,0.020226738426395392,0.010398900877907851,0.9896010991220922,9.190139503148393e-07,2.493826099869221e-11,12.817250002304279,1622.9493171197716,0.5097718205582626,1311.9181024853758,2.7133205040866768e-09,0.42643439544684064,0.99
4,n-Hexacosane (C26),0.04059868733069616,16,0.013975403892099654,True,0.02029934366534808,0.011212038391462393,0.9887879616085377,7.436503262641473e-07,1.7321356106721905e-11,11.041295902375062,1622.9468300096428,0.5097516624522089,1311.9798499124954,2.7133205040866768e-09,0.44926927592250254,0.9833333333333333
4,n-Hexacosane (C26),0.04071855898158215,16,0.02691527370389442,True,0.020359279490791075,0.011311645880450893,0.9886883541195491,2.676607932829676e-06,1.2006939185020963e-10,21.32725147056906,1622.8742824727342,0.5097710584023851,1311.9292064629124,2.7133205040866768e-09,0.45519558523497705,0.98
4,n-Hexacosane (C26),0.04265527629249645,14,0.02500509671506774,True,0.021327638146248225,0.011378235852984716,0.9886217641470153,2.3203813884264693e-06,9.670226838907839e-11,20.75606333345958,1622.8497646303001,0.5097283767244161,1312.0300097861962,2.7133205040866768e-09,0.4567282467784936,0.98
4,n-Hexacosane (C26),0.040311561352711495,17,0.030772195174024367,True,0.020155780676355747,0.011661821730206195,0.9883381782697938,3.5993164148740982e-06,1.8459811201929234e-10,24.13969547408088,1622.8360564256245,0.5096900816466391,1312.1918118957983,2.7355542906171003e-09,0.4781741775307016,0.9733333333333334
4,NONE_plain_tank,0.0402760022048253,12,0.017849469185306006,True,0.02013800110241265,0.00821010916846811,0.9917898908315319,8.509688670366107e-07,2.531557094970791e-11,13.989923849967715,1622.9157006378102,0.5099037097111995,1311.7791595542556,2.7133205040866768e-09,0.3614356551736645,0.967777777777778
4,NONE_plain_tank,0.04026558096780185,16,0.01923850762050528,True,0.020132790483900924,0.010938317105672894,0.989061682894327,1.3430557175099057e-06,4.3063979426795845e-11,15.074712511753571,1622.9138926050036,0.5099002861878579,1311.7767301677216,2.7133205040866768e-09,0.42322865650821617,0.98
4,NONE_plain_tank,0.04094215333799464,16,0.03048155599158582,True,0.02047107666899732,0.011499015042614153,0.9885009849573858,3.4741598397831622e-06,1.7649632946678216e-10,24.285749009418772,1622.8512743763993,0.5098883695003532,1311.8417775279538,2.7355542906170995e-09,0.44146985026558433,0.9666666666666667
4,NONE_plain_tank,0.04014609339243867,10,0.029343458823638043,True,0.020073046696219336,0.0067757674102918814,0.9932242325897082,1.8452749237483772e-06,9.024458123883724e-11,22.92441617747427,1622.8436711654947,0.509905578076514,1311.7716334668316,2.7133205040866768e-09,0.34672016243271353,0.9566666666666667
4,NONE_plain_tank,0.04052576104842186,9,0.03269291445130562,True,0.02026288052421093,0.006272846576520969,0.9937271534234791,2.106722898584791e-06,1.1479151916006532e-10,25.782706605444112,1622.8326499304167,0.5098898625710199,1311.7732934401342,2.75967187281476e-09,0.33813056176778306,0.96
