cluster_id,Tm_target_C,L_required_kJ_per_kg,name,family,pcm_type,Tm_C,Tm_freezing_C,latent_heat_kJ_kg,density_liquid_kg_m3,density_solid_kg_m3,Cp_liquid_kJ_kgK,Cp_solid_kJ_kgK,TC_W_mK,cycles_tested,cycles_tested_status,flammable,supercooling_K,n_properties_imputed,any_property_imputed,source,rho_H_MJ_m3,Cp_avg_kJ_kgK,cycles_confidence,in_absolute_band,corrosion_class,pass_melting_window,pass_absolute_band,pass_latent_heat,latent_heat_floor_used,cycling_known,pass_cycling,cycling_flag,supercooling_known,pass_supercooling,passes_all,window_lo,window_hi,window_relax_applied
0,56.99999999999999,51.86593034942686,savE® HS36,PLUSS savE,Inorganic,35.0,36.0,163.0,1850.0,1967.0,2.32,1.98,0.485,2000.0,Reported by manufacturer,No,-1.0,1,True,manufacturer_datasheet_MICE_RF_PMM_completed,320.621,2.15,1.0,False,check_manually,False,False,True,36.3061512445988,True,True,,True,True,False,51.99999999999999,65.0,0.0
0,56.99999999999999,51.86593034942686,savE® OM35,PLUSS savE,Organic,35.0,34.0,171.0,870.0,900.0,2.78,2.57,0.18,2000.0,Reported by manufacturer,Yes,1.0,1,True,manufacturer_datasheet_MICE_RF_PMM_completed,153.9,2.675,1.0,False,low_organic,False,False,True,36.3061512445988,True,True,,True,True,False,51.99999999999999,65.0,0.0
0,56.99999999999999,51.86593034942686,RT35,Rubitherm RT,Organic,35.0,35.0,160.0,770.0,860.0,2.0,2.01,0.2675,2000.0,Estimated via MICE-RF-PMM,No,0.0,5,True,manufacturer_datasheet_MICE_RF_PMM_completed,137.6,2.005,1.0,False,low_organic,False,False,True,36.3061512445988,True,True,,True,True,False,51.99999999999999,65.0,0.0
0,56.99999999999999,51.86593034942686,savE® OM37,PLUSS savE,Organic,38.0,36.0,186.0,860.0,973.0,2.63,2.55,0.145,2000.0,Reported by manufacturer,No,2.0,1,True,manufacturer_datasheet_MICE_RF_PMM_completed,180.978,2.59,1.0,False,low_organic,False,False,True,36.3061512445988,True,True,,True,True,False,51.99999999999999,65.0,0.0
0,56.99999999999999,51.86593034942686,RT38,Rubitherm RT,Organic,38.0,38.0,170.0,750.0,880.0,2.0,2.02,0.179,2000.0,Estimated via MICE-RF-PMM,No,0.0,5,True,manufacturer_datasheet_MICE_RF_PMM_completed,149.6,2.01,1.0,False,low_organic,False,False,True,36.3061512445988,True,True,,True,True,False,51.99999999999999,65.0,0.0
0,56.99999999999999,51.86593034942686,savE® OM39,PLUSS savE,Organic,39.0,35.0,229.0,824.0,850.0,2.4,2.0,0.1775,2000.0,Under trial (estimate below),No,4.0,2,True,manufacturer_datasheet_MICE_RF_PMM_completed,194.65,2.2,1.0,False,low_organic,False,False,True,36.3061512445988,True,True,,True,True,False,51.99999999999999,65.0,0.0
0,56.99999999999999,51.86593034942686,RT42,Rubitherm RT,Organic,41.0,42.0,165.0,760.0,880.0,2.0,2.01,0.18,2000.0,Estimated via MICE-RF-PMM,No,-1.0,5,True,manufacturer_datasheet_MICE_RF_PMM_completed,145.2,2.005,1.0,False,low_organic,False,False,True,36.3061512445988,True,True,,True,True,False,51.99999999999999,65.0,0.0
0,56.99999999999999,51.86593034942686,Myristic-Palmitic eutectic (58/42),Eutectic,Organic,42.6,,169.7,,,,,,,not_reported,Likely (organic),,0,False,Singh2025_Table2_literature,,,,True,low_organic,False,True,True,36.3061512445988,False,True,not_reported,False,True,False,51.99999999999999,65.0,0.0
0,56.99999999999999,51.86593034942686,RT44HC,Rubitherm RT,Organic,43.0,43.0,250.0,700.0,800.0,2.0,2.18,0.153,2000.0,Estimated via MICE-RF-PMM,No,0.0,5,True,manufacturer_datasheet_MICE_RF_PMM_completed,200.0,2.09,1.0,True,low_organic,False,True,True,36.3061512445988,True,True,,True,True,False,51.99999999999999,65.0,0.0
0,56.99999999999999,51.86593034942686,savE® OM42,PLUSS savE,Organic,44.0,43.0,199.0,863.0,903.0,2.78,2.71,0.145,2000.0,Reported by manufacturer,Yes,1.0,1,True,manufacturer_datasheet_MICE_RF_PMM_completed,179.697,2.745,1.0,True,low_organic,False,True,True,36.3061512445988,True,True,,True,True,False,51.99999999999999,65.0,0.0
0,56.99999999999999,51.86593034942686,C22H46 (docosane-class paraffin),Paraffin,Organic,44.5,,249.0,,,,,,,not_reported,Likely (organic),,0,False,Singh2025_Table2_literature,,,,True,low_organic,False,True,True,36.3061512445988,False,True,not_reported,False,True,False,51.99999999999999,65.0,0.0
0,56.99999999999999,51.86593034942686,RT47,Rubitherm RT,Organic,46.0,47.0,160.0,770.0,880.0,2.0,2.0,0.199,2000.0,Estimated via MICE-RF-PMM,No,-1.0,5,True,manufacturer_datasheet_MICE_RF_PMM_completed,140.8,2.0,1.0,True,low_organic,False,True,True,36.3061512445988,True,True,,True,True,False,51.99999999999999,65.0,0.0
0,56.99999999999999,51.86593034942686,savE® OM46,PLUSS savE,Organic,47.0,45.0,177.0,880.0,917.0,2.7,2.5,0.15,2000.0,Reported by manufacturer,No,2.0,1,True,manufacturer_datasheet_MICE_RF_PMM_completed,162.309,2.6,1.0,True,low_organic,False,True,True,36.3061512445988,True,True,,True,True,False,51.99999999999999,65.0,0.0
0,56.99999999999999,51.86593034942686,RT45HC,Rubitherm RT,Organic,47.0,45.0,230.0,800.0,900.0,2.0,2.37,0.1515,2000.0,Estimated via MICE-RF-PMM,No,2.0,5,True,manufacturer_datasheet_MICE_RF_PMM_completed,207.0,2.185,1.0,True,low_organic,False,True,True,36.3061512445988,True,True,,True,True,False,51.99999999999999,65.0,0.0
0,56.99999999999999,51.86593034942686,RT50,Rubitherm RT,Organic,49.0,50.0,160.0,760.0,880.0,2.0,2.0,0.1815,2000.0,Estimated via MICE-RF-PMM,Yes,-1.0,5,True,manufacturer_datasheet_MICE_RF_PMM_completed,140.8,2.0,1.0,True,low_organic,False,True,True,36.3061512445988,True,True,,True,True,False,51.99999999999999,65.0,0.0
0,56.99999999999999,51.86593034942686,savE® OM50,PLUSS savE,Organic,50.0,50.0,189.0,859.0,961.0,2.78,3.33,0.175,2000.0,Reported by manufacturer,Yes,0.0,1,True,manufacturer_datasheet_MICE_RF_PMM_completed,181.629,3.055,1.0,True,low_organic,False,True,True,36.3061512445988,True,True,,True,True,False,51.99999999999999,65.0,0.0
0,56.99999999999999,51.86593034942686,savE® OM48,PLUSS savE,Organic,51.0,48.0,165.0,875.0,960.0,2.35,2.02,0.15,2000.0,Reported by manufacturer,Yes,3.0,1,True,manufacturer_datasheet_MICE_RF_PMM_completed,158.4,2.185,1.0,True,low_organic,False,True,True,36.3061512445988,True,True,,True,True,False,51.99999999999999,65.0,0.0
0,56.99999999999999,51.86593034942686,Palmitic-Stearic eutectic (64.2/35.8),Eutectic,Organic,52.3,,181.7,,,,,,,not_reported,Likely (organic),,0,False,Singh2025_Table2_literature,,,,True,low_organic,True,True,True,36.3061512445988,False,True,not_reported,False,True,True,51.99999999999999,65.0,0.0
0,56.99999999999999,51.86593034942686,Myristic acid,Fatty acid,Organic,53.0,,190.0,,,,,,,not_reported,Likely (organic),,0,False,Singh2025_Table2_literature,,,,True,low_organic,True,True,True,36.3061512445988,False,True,not_reported,False,True,True,51.99999999999999,65.0,0.0
0,56.99999999999999,51.86593034942686,RT54HC,Rubitherm RT,Organic,54.0,54.0,200.0,850.0,990.0,2.0,2.41,0.174,2000.0,Estimated via MICE-RF-PMM,Yes,0.0,5,True,manufacturer_datasheet_MICE_RF_PMM_completed,198.0,2.205,1.0,True,low_organic,True,True,True,36.3061512445988,True,True,,True,True,True,51.99999999999999,65.0,0.0
0,56.99999999999999,51.86593034942686,RT55,Rubitherm RT,Organic,55.0,55.0,170.0,770.0,880.0,2.0,2.0,0.182,2000.0,Estimated via MICE-RF-PMM,Yes,0.0,5,True,manufacturer_datasheet_MICE_RF_PMM_completed,149.6,2.0,1.0,True,low_organic,True,True,True,36.3061512445988,True,True,,True,True,True,51.99999999999999,65.0,0.0
0,56.99999999999999,51.86593034942686,Palmitic acid,Fatty acid,Organic,63.0,,185.4,,,,,,,not_reported,Likely (organic),,0,False,Singh2025_Table2_literature,,,,True,low_organic,True,True,True,36.3061512445988,False,True,not_reported,False,True,True,51.99999999999999,65.0,0.0
0,56.99999999999999,51.86593034942686,RT64HC,Rubitherm RT,Organic,64.0,64.0,250.0,800.0,900.0,2.0,2.37,0.151,2000.0,Estimated via MICE-RF-PMM,No,0.0,5,True,manufacturer_datasheet_MICE_RF_PMM_completed,225.0,2.185,1.0,True,low_organic,True,True,True,36.3061512445988,True,True,,True,True,True,51.99999999999999,65.0,0.0
0,56.99999999999999,51.86593034942686,Paraffin wax (generic),Paraffin,Organic,64.0,,173.6,790.0,916.0,,,,,not_reported,Likely (organic),,0,False,Singh2025_Table2_literature,159.01760000000002,,,True,low_organic,True,True,True,36.3061512445988,False,True,not_reported,False,True,True,51.99999999999999,65.0,0.0
0,56.99999999999999,51.86593034942686,C30H62 (triacontane-class paraffin),Paraffin,Organic,65.5,,252.0,,,,,,,not_reported,Likely (organic),,0,False,Singh2025_Table2_literature,,,,True,low_organic,False,True,True,36.3061512445988,False,True,not_reported,False,True,False,51.99999999999999,65.0,0.0
1,57.000000000000014,54.12971456909878,savE® HS36,PLUSS savE,Inorganic,35.0,36.0,163.0,1850.0,1967.0,2.32,1.98,0.485,2000.0,Reported by manufacturer,No,-1.0,1,True,manufacturer_datasheet_MICE_RF_PMM_completed,320.621,2.15,1.0,False,check_manually,False,False,True,37.89080019836914,True,True,,True,True,False,52.000000000000014,65.00000000000001,0.0
1,57.000000000000014,54.12971456909878,savE® OM35,PLUSS savE,Organic,35.0,34.0,171.0,870.0,900.0,2.78,2.57,0.18,2000.0,Reported by manufacturer,Yes,1.0,1,True,manufacturer_datasheet_MICE_RF_PMM_completed,153.9,2.675,1.0,False,low_organic,False,False,True,37.89080019836914,True,True,,True,True,False,52.000000000000014,65.00000000000001,0.0
1,57.000000000000014,54.12971456909878,RT35,Rubitherm RT,Organic,35.0,35.0,160.0,770.0,860.0,2.0,2.01,0.2675,2000.0,Estimated via MICE-RF-PMM,No,0.0,5,True,manufacturer_datasheet_MICE_RF_PMM_completed,137.6,2.005,1.0,False,low_organic,False,False,True,37.89080019836914,True,True,,True,True,False,52.000000000000014,65.00000000000001,0.0
1,57.000000000000014,54.12971456909878,savE® OM37,PLUSS savE,Organic,38.0,36.0,186.0,860.0,973.0,2.63,2.55,0.145,2000.0,Reported by manufacturer,No,2.0,1,True,manufacturer_datasheet_MICE_RF_PMM_completed,180.978,2.59,1.0,False,low_organic,False,False,True,37.89080019836914,True,True,,True,True,False,52.000000000000014,65.00000000000001,0.0
1,57.000000000000014,54.12971456909878,RT38,Rubitherm RT,Organic,38.0,38.0,170.0,750.0,880.0,2.0,2.02,0.179,2000.0,Estimated via MICE-RF-PMM,No,0.0,5,True,manufacturer_datasheet_MICE_RF_PMM_completed,149.6,2.01,1.0,False,low_organic,False,False,True,37.89080019836914,True,True,,True,True,False,52.000000000000014,65.00000000000001,0.0
1,57.000000000000014,54.12971456909878,savE® OM39,PLUSS savE,Organic,39.0,35.0,229.0,824.0,850.0,2.4,2.0,0.1775,2000.0,Under trial (estimate below),No,4.0,2,True,manufacturer_datasheet_MICE_RF_PMM_completed,194.65,2.2,1.0,False,low_organic,False,False,True,37.89080019836914,True,True,,True,True,False,52.000000000000014,65.00000000000001,0.0
1,57.000000000000014,54.12971456909878,RT42,Rubitherm RT,Organic,41.0,42.0,165.0,760.0,880.0,2.0,2.01,0.18,2000.0,Estimated via MICE-RF-PMM,No,-1.0,5,True,manufacturer_datasheet_MICE_RF_PMM_completed,145.2,2.005,1.0,False,low_organic,False,False,True,37.89080019836914,True,True,,True,True,False,52.000000000000014,65.00000000000001,0.0
1,57.000000000000014,54.12971456909878,Myristic-Palmitic eutectic (58/42),Eutectic,Organic,42.6,,169.7,,,,,,,not_reported,Likely (organic),,0,False,Singh2025_Table2_literature,,,,True,low_organic,False,True,True,37.89080019836914,False,True,not_reported,False,True,False,52.000000000000014,65.00000000000001,0.0
1,57.000000000000014,54.12971456909878,RT44HC,Rubitherm RT,Organic,43.0,43.0,250.0,700.0,800.0,2.0,2.18,0.153,2000.0,Estimated via MICE-RF-PMM,No,0.0,5,True,manufacturer_datasheet_MICE_RF_PMM_completed,200.0,2.09,1.0,True,low_organic,False,True,True,37.89080019836914,True,True,,True,True,False,52.000000000000014,65.00000000000001,0.0
1,57.000000000000014,54.12971456909878,savE® OM42,PLUSS savE,Organic,44.0,43.0,199.0,863.0,903.0,2.78,2.71,0.145,2000.0,Reported by manufacturer,Yes,1.0,1,True,manufacturer_datasheet_MICE_RF_PMM_completed,179.697,2.745,1.0,True,low_organic,False,True,True,37.89080019836914,True,True,,True,True,False,52.000000000000014,65.00000000000001,0.0
1,57.000000000000014,54.12971456909878,C22H46 (docosane-class paraffin),Paraffin,Organic,44.5,,249.0,,,,,,,not_reported,Likely (organic),,0,False,Singh2025_Table2_literature,,,,True,low_organic,False,True,True,37.89080019836914,False,True,not_reported,False,True,False,52.000000000000014,65.00000000000001,0.0
1,57.000000000000014,54.12971456909878,RT47,Rubitherm RT,Organic,46.0,47.0,160.0,770.0,880.0,2.0,2.0,0.199,2000.0,Estimated via MICE-RF-PMM,No,-1.0,5,True,manufacturer_datasheet_MICE_RF_PMM_completed,140.8,2.0,1.0,True,low_organic,False,True,True,37.89080019836914,True,True,,True,True,False,52.000000000000014,65.00000000000001,0.0
1,57.000000000000014,54.12971456909878,savE® OM46,PLUSS savE,Organic,47.0,45.0,177.0,880.0,917.0,2.7,2.5,0.15,2000.0,Reported by manufacturer,No,2.0,1,True,manufacturer_datasheet_MICE_RF_PMM_completed,162.309,2.6,1.0,True,low_organic,False,True,True,37.89080019836914,True,True,,True,True,False,52.000000000000014,65.00000000000001,0.0
1,57.000000000000014,54.12971456909878,RT45HC,Rubitherm RT,Organic,47.0,45.0,230.0,800.0,900.0,2.0,2.37,0.1515,2000.0,Estimated via MICE-RF-PMM,No,2.0,5,True,manufacturer_datasheet_MICE_RF_PMM_completed,207.0,2.185,1.0,True,low_organic,False,True,True,37.89080019836914,True,True,,True,True,False,52.000000000000014,65.00000000000001,0.0
1,57.000000000000014,54.12971456909878,RT50,Rubitherm RT,Organic,49.0,50.0,160.0,760.0,880.0,2.0,2.0,0.1815,2000.0,Estimated via MICE-RF-PMM,Yes,-1.0,5,True,manufacturer_datasheet_MICE_RF_PMM_completed,140.8,2.0,1.0,True,low_organic,False,True,True,37.89080019836914,True,True,,True,True,False,52.000000000000014,65.00000000000001,0.0
1,57.000000000000014,54.12971456909878,savE® OM50,PLUSS savE,Organic,50.0,50.0,189.0,859.0,961.0,2.78,3.33,0.175,2000.0,Reported by manufacturer,Yes,0.0,1,True,manufacturer_datasheet_MICE_RF_PMM_completed,181.629,3.055,1.0,True,low_organic,False,True,True,37.89080019836914,True,True,,True,True,False,52.000000000000014,65.00000000000001,0.0
1,57.000000000000014,54.12971456909878,savE® OM48,PLUSS savE,Organic,51.0,48.0,165.0,875.0,960.0,2.35,2.02,0.15,2000.0,Reported by manufacturer,Yes,3.0,1,True,manufacturer_datasheet_MICE_RF_PMM_completed,158.4,2.185,1.0,True,low_organic,False,True,True,37.89080019836914,True,True,,True,True,False,52.000000000000014,65.00000000000001,0.0
1,57.000000000000014,54.12971456909878,Palmitic-Stearic eutectic (64.2/35.8),Eutectic,Organic,52.3,,181.7,,,,,,,not_reported,Likely (organic),,0,False,Singh2025_Table2_literature,,,,True,low_organic,True,True,True,37.89080019836914,False,True,not_reported,False,True,True,52.000000000000014,65.00000000000001,0.0
1,57.000000000000014,54.12971456909878,Myristic acid,Fatty acid,Organic,53.0,,190.0,,,,,,,not_reported,Likely (organic),,0,False,Singh2025_Table2_literature,,,,True,low_organic,True,True,True,37.89080019836914,False,True,not_reported,False,True,True,52.000000000000014,65.00000000000001,0.0
1,57.000000000000014,54.12971456909878,RT54HC,Rubitherm RT,Organic,54.0,54.0,200.0,850.0,990.0,2.0,2.41,0.174,2000.0,Estimated via MICE-RF-PMM,Yes,0.0,5,True,manufacturer_datasheet_MICE_RF_PMM_completed,198.0,2.205,1.0,True,low_organic,True,True,True,37.89080019836914,True,True,,True,True,True,52.000000000000014,65.00000000000001,0.0
1,57.000000000000014,54.12971456909878,RT55,Rubitherm RT,Organic,55.0,55.0,170.0,770.0,880.0,2.0,2.0,0.182,2000.0,Estimated via MICE-RF-PMM,Yes,0.0,5,True,manufacturer_datasheet_MICE_RF_PMM_completed,149.6,2.0,1.0,True,low_organic,True,True,True,37.89080019836914,True,True,,True,True,True,52.000000000000014,65.00000000000001,0.0
1,57.000000000000014,54.12971456909878,Palmitic acid,Fatty acid,Organic,63.0,,185.4,,,,,,,not_reported,Likely (organic),,0,False,Singh2025_Table2_literature,,,,True,low_organic,True,True,True,37.89080019836914,False,True,not_reported,False,True,True,52.000000000000014,65.00000000000001,0.0
1,57.000000000000014,54.12971456909878,RT64HC,Rubitherm RT,Organic,64.0,64.0,250.0,800.0,900.0,2.0,2.37,0.151,2000.0,Estimated via MICE-RF-PMM,No,0.0,5,True,manufacturer_datasheet_MICE_RF_PMM_completed,225.0,2.185,1.0,True,low_organic,True,True,True,37.89080019836914,True,True,,True,True,True,52.000000000000014,65.00000000000001,0.0
1,57.000000000000014,54.12971456909878,Paraffin wax (generic),Paraffin,Organic,64.0,,173.6,790.0,916.0,,,,,not_reported,Likely (organic),,0,False,Singh2025_Table2_literature,159.01760000000002,,,True,low_organic,True,True,True,37.89080019836914,False,True,not_reported,False,True,True,52.000000000000014,65.00000000000001,0.0
1,57.000000000000014,54.12971456909878,C30H62 (triacontane-class paraffin),Paraffin,Organic,65.5,,252.0,,,,,,,not_reported,Likely (organic),,0,False,Singh2025_Table2_literature,,,,True,low_organic,False,True,True,37.89080019836914,False,True,not_reported,False,True,False,52.000000000000014,65.00000000000001,0.0
2,57.00000000000001,50.77021074642681,savE® HS36,PLUSS savE,Inorganic,35.0,36.0,163.0,1850.0,1967.0,2.32,1.98,0.485,2000.0,Reported by manufacturer,No,-1.0,1,True,manufacturer_datasheet_MICE_RF_PMM_completed,320.621,2.15,1.0,False,check_manually,False,False,True,35.539147522498766,True,True,,True,True,False,52.00000000000001,65.0,0.0
2,57.00000000000001,50.77021074642681,savE® OM35,PLUSS savE,Organic,35.0,34.0,171.0,870.0,900.0,2.78,2.57,0.18,2000.0,Reported by manufacturer,Yes,1.0,1,True,manufacturer_datasheet_MICE_RF_PMM_completed,153.9,2.675,1.0,False,low_organic,False,False,True,35.539147522498766,True,True,,True,True,False,52.00000000000001,65.0,0.0
2,57.00000000000001,50.77021074642681,RT35,Rubitherm RT,Organic,35.0,35.0,160.0,770.0,860.0,2.0,2.01,0.2675,2000.0,Estimated via MICE-RF-PMM,No,0.0,5,True,manufacturer_datasheet_MICE_RF_PMM_completed,137.6,2.005,1.0,False,low_organic,False,False,True,35.539147522498766,True,True,,True,True,False,52.00000000000001,65.0,0.0
2,57.00000000000001,50.77021074642681,savE® OM37,PLUSS savE,Organic,38.0,36.0,186.0,860.0,973.0,2.63,2.55,0.145,2000.0,Reported by manufacturer,No,2.0,1,True,manufacturer_datasheet_MICE_RF_PMM_completed,180.978,2.59,1.0,False,low_organic,False,False,True,35.539147522498766,True,True,,True,True,False,52.00000000000001,65.0,0.0
2,57.00000000000001,50.77021074642681,RT38,Rubitherm RT,Organic,38.0,38.0,170.0,750.0,880.0,2.0,2.02,0.179,2000.0,Estimated via MICE-RF-PMM,No,0.0,5,True,manufacturer_datasheet_MICE_RF_PMM_completed,149.6,2.01,1.0,False,low_organic,False,False,True,35.539147522498766,True,True,,True,True,False,52.00000000000001,65.0,0.0
2,57.00000000000001,50.77021074642681,savE® OM39,PLUSS savE,Organic,39.0,35.0,229.0,824.0,850.0,2.4,2.0,0.1775,2000.0,Under trial (estimate below),No,4.0,2,True,manufacturer_datasheet_MICE_RF_PMM_completed,194.65,2.2,1.0,False,low_organic,False,False,True,35.539147522498766,True,True,,True,True,False,52.00000000000001,65.0,0.0
2,57.00000000000001,50.77021074642681,RT42,Rubitherm RT,Organic,41.0,42.0,165.0,760.0,880.0,2.0,2.01,0.18,2000.0,Estimated via MICE-RF-PMM,No,-1.0,5,True,manufacturer_datasheet_MICE_RF_PMM_completed,145.2,2.005,1.0,False,low_organic,False,False,True,35.539147522498766,True,True,,True,True,False,52.00000000000001,65.0,0.0
2,57.00000000000001,50.77021074642681,Myristic-Palmitic eutectic (58/42),Eutectic,Organic,42.6,,169.7,,,,,,,not_reported,Likely (organic),,0,False,Singh2025_Table2_literature,,,,True,low_organic,False,True,True,35.539147522498766,False,True,not_reported,False,True,False,52.00000000000001,65.0,0.0
2,57.00000000000001,50.77021074642681,RT44HC,Rubitherm RT,Organic,43.0,43.0,250.0,700.0,800.0,2.0,2.18,0.153,2000.0,Estimated via MICE-RF-PMM,No,0.0,5,True,manufacturer_datasheet_MICE_RF_PMM_completed,200.0,2.09,1.0,True,low_organic,False,True,True,35.539147522498766,True,True,,True,True,False,52.00000000000001,65.0,0.0
2,57.00000000000001,50.77021074642681,savE® OM42,PLUSS savE,Organic,44.0,43.0,199.0,863.0,903.0,2.78,2.71,0.145,2000.0,Reported by manufacturer,Yes,1.0,1,True,manufacturer_datasheet_MICE_RF_PMM_completed,179.697,2.745,1.0,True,low_organic,False,True,True,35.539147522498766,True,True,,True,True,False,52.00000000000001,65.0,0.0
2,57.00000000000001,50.77021074642681,C22H46 (docosane-class paraffin),Paraffin,Organic,44.5,,249.0,,,,,,,not_reported,Likely (organic),,0,False,Singh2025_Table2_literature,,,,True,low_organic,False,True,True,35.539147522498766,False,True,not_reported,False,True,False,52.00000000000001,65.0,0.0
2,57.00000000000001,50.77021074642681,RT47,Rubitherm RT,Organic,46.0,47.0,160.0,770.0,880.0,2.0,2.0,0.199,2000.0,Estimated via MICE-RF-PMM,No,-1.0,5,True,manufacturer_datasheet_MICE_RF_PMM_completed,140.8,2.0,1.0,True,low_organic,False,True,True,35.539147522498766,True,True,,True,True,False,52.00000000000001,65.0,0.0
2,57.00000000000001,50.77021074642681,savE® OM46,PLUSS savE,Organic,47.0,45.0,177.0,880.0,917.0,2.7,2.5,0.15,2000.0,Reported by manufacturer,No,2.0,1,True,manufacturer_datasheet_MICE_RF_PMM_completed,162.309,2.6,1.0,True,low_organic,False,True,True,35.539147522498766,True,True,,True,True,False,52.00000000000001,65.0,0.0
2,57.00000000000001,50.77021074642681,RT45HC,Rubitherm RT,Organic,47.0,45.0,230.0,800.0,900.0,2.0,2.37,0.1515,2000.0,Estimated via MICE-RF-PMM,No,2.0,5,True,manufacturer_datasheet_MICE_RF_PMM_completed,207.0,2.185,1.0,True,low_organic,False,True,True,35.539147522498766,True,True,,True,True,False,52.00000000000001,65.0,0.0
2,57.00000000000001,50.77021074642681,RT50,Rubitherm RT,Organic,49.0,50.0,160.0,760.0,880.0,2.0,2.0,0.1815,2000.0,Estimated via MICE-RF-PMM,Yes,-1.0,5,True,manufacturer_datasheet_MICE_RF_PMM_completed,140.8,2.0,1.0,True,low_organic,False,True,True,35.539147522498766,True,True,,True,True,False,52.00000000000001,65.0,0.0
2,57.00000000000001,50.77021074642681,savE® OM50,PLUSS savE,Organic,50.0,50.0,189.0,859.0,961.0,2.78,3.33,0.175,2000.0,Reported by manufacturer,Yes,0.0,1,True,manufacturer_datasheet_MICE_RF_PMM_completed,181.629,3.055,1.0,True,low_organic,False,True,True,35.539147522498766,True,True,,True,True,False,52.00000000000001,65.0,0.0
2,57.00000000000001,50.77021074642681,savE® OM48,PLUSS savE,Organic,51.0,48.0,165.0,875.0,960.0,2.35,2.02,0.15,2000.0,Reported by manufacturer,Yes,3.0,1,True,manufacturer_datasheet_MICE_RF_PMM_completed,158.4,2.185,1.0,True,low_organic,False,True,True,35.539147522498766,True,True,,True,True,False,52.00000000000001,65.0,0.0
2,57.00000000000001,50.77021074642681,Palmitic-Stearic eutectic (64.2/35.8),Eutectic,Organic,52.3,,181.7,,,,,,,not_reported,Likely (organic),,0,False,Singh2025_Table2_literature,,,,True,low_organic,True,True,True,35.539147522498766,False,True,not_reported,False,True,True,52.00000000000001,65.0,0.0
2,57.00000000000001,50.77021074642681,Myristic acid,Fatty acid,Organic,53.0,,190.0,,,,,,,not_reported,Likely (organic),,0,False,Singh2025_Table2_literature,,,,True,low_organic,True,True,True,35.539147522498766,False,True,not_reported,False,True,True,52.00000000000001,65.0,0.0
2,57.00000000000001,50.77021074642681,RT54HC,Rubitherm RT,Organic,54.0,54.0,200.0,850.0,990.0,2.0,2.41,0.174,2000.0,Estimated via MICE-RF-PMM,Yes,0.0,5,True,manufacturer_datasheet_MICE_RF_PMM_completed,198.0,2.205,1.0,True,low_organic,True,True,True,35.539147522498766,True,True,,True,True,True,52.00000000000001,65.0,0.0
2,57.00000000000001,50.77021074642681,RT55,Rubitherm RT,Organic,55.0,55.0,170.0,770.0,880.0,2.0,2.0,0.182,2000.0,Estimated via MICE-RF-PMM,Yes,0.0,5,True,manufacturer_datasheet_MICE_RF_PMM_completed,149.6,2.0,1.0,True,low_organic,True,True,True,35.539147522498766,True,True,,True,True,True,52.00000000000001,65.0,0.0
2,57.00000000000001,50.77021074642681,Palmitic acid,Fatty acid,Organic,63.0,,185.4,,,,,,,not_reported,Likely (organic),,0,False,Singh2025_Table2_literature,,,,True,low_organic,True,True,True,35.539147522498766,False,True,not_reported,False,True,True,52.00000000000001,65.0,0.0
2,57.00000000000001,50.77021074642681,RT64HC,Rubitherm RT,Organic,64.0,64.0,250.0,800.0,900.0,2.0,2.37,0.151,2000.0,Estimated via MICE-RF-PMM,No,0.0,5,True,manufacturer_datasheet_MICE_RF_PMM_completed,225.0,2.185,1.0,True,low_organic,True,True,True,35.539147522498766,True,True,,True,True,True,52.00000000000001,65.0,0.0
2,57.00000000000001,50.77021074642681,Paraffin wax (generic),Paraffin,Organic,64.0,,173.6,790.0,916.0,,,,,not_reported,Likely (organic),,0,False,Singh2025_Table2_literature,159.01760000000002,,,True,low_organic,True,True,True,35.539147522498766,False,True,not_reported,False,True,True,52.00000000000001,65.0,0.0
2,57.00000000000001,50.77021074642681,C30H62 (triacontane-class paraffin),Paraffin,Organic,65.5,,252.0,,,,,,,not_reported,Likely (organic),,0,False,Singh2025_Table2_literature,,,,True,low_organic,False,True,True,35.539147522498766,False,True,not_reported,False,True,False,52.00000000000001,65.0,0.0
3,57.00000000000001,51.08291996725542,savE® HS36,PLUSS savE,Inorganic,35.0,36.0,163.0,1850.0,1967.0,2.32,1.98,0.485,2000.0,Reported by manufacturer,No,-1.0,1,True,manufacturer_datasheet_MICE_RF_PMM_completed,320.621,2.15,1.0,False,check_manually,False,False,True,35.75804397707879,True,True,,True,True,False,52.00000000000001,65.0,0.0
3,57.00000000000001,51.08291996725542,savE® OM35,PLUSS savE,Organic,35.0,34.0,171.0,870.0,900.0,2.78,2.57,0.18,2000.0,Reported by manufacturer,Yes,1.0,1,True,manufacturer_datasheet_MICE_RF_PMM_completed,153.9,2.675,1.0,False,low_organic,False,False,True,35.75804397707879,True,True,,True,True,False,52.00000000000001,65.0,0.0
3,57.00000000000001,51.08291996725542,RT35,Rubitherm RT,Organic,35.0,35.0,160.0,770.0,860.0,2.0,2.01,0.2675,2000.0,Estimated via MICE-RF-PMM,No,0.0,5,True,manufacturer_datasheet_MICE_RF_PMM_completed,137.6,2.005,1.0,False,low_organic,False,False,True,35.75804397707879,True,True,,True,True,False,52.00000000000001,65.0,0.0
3,57.00000000000001,51.08291996725542,savE® OM37,PLUSS savE,Organic,38.0,36.0,186.0,860.0,973.0,2.63,2.55,0.145,2000.0,Reported by manufacturer,No,2.0,1,True,manufacturer_datasheet_MICE_RF_PMM_completed,180.978,2.59,1.0,False,low_organic,False,False,True,35.75804397707879,True,True,,True,True,False,52.00000000000001,65.0,0.0
3,57.00000000000001,51.08291996725542,RT38,Rubitherm RT,Organic,38.0,38.0,170.0,750.0,880.0,2.0,2.02,0.179,2000.0,Estimated via MICE-RF-PMM,No,0.0,5,True,manufacturer_datasheet_MICE_RF_PMM_completed,149.6,2.01,1.0,False,low_organic,False,False,True,35.75804397707879,True,True,,True,True,False,52.00000000000001,65.0,0.0
3,57.00000000000001,51.08291996725542,savE® OM39,PLUSS savE,Organic,39.0,35.0,229.0,824.0,850.0,2.4,2.0,0.1775,2000.0,Under trial (estimate below),No,4.0,2,True,manufacturer_datasheet_MICE_RF_PMM_completed,194.65,2.2,1.0,False,low_organic,False,False,True,35.75804397707879,True,True,,True,True,False,52.00000000000001,65.0,0.0
3,57.00000000000001,51.08291996725542,RT42,Rubitherm RT,Organic,41.0,42.0,165.0,760.0,880.0,2.0,2.01,0.18,2000.0,Estimated via MICE-RF-PMM,No,-1.0,5,True,manufacturer_datasheet_MICE_RF_PMM_completed,145.2,2.005,1.0,False,low_organic,False,False,True,35.75804397707879,True,True,,True,True,False,52.00000000000001,65.0,0.0
3,57.00000000000001,51.08291996725542,Myristic-Palmitic eutectic (58/42),Eutectic,Organic,42.6,,169.7,,,,,,,not_reported,Likely (organic),,0,False,Singh2025_Table2_literature,,,,True,low_organic,False,True,True,35.75804397707879,False,True,not_reported,False,True,False,52.00000000000001,65.0,0.0
3,57.00000000000001,51.08291996725542,RT44HC,Rubitherm RT,Organic,43.0,43.0,250.0,700.0,800.0,2.0,2.18,0.153,2000.0,Estimated via MICE-RF-PMM,No,0.0,5,True,manufacturer_datasheet_MICE_RF_PMM_completed,200.0,2.09,1.0,True,low_organic,False,True,True,35.75804397707879,True,True,,True,True,False,52.00000000000001,65.0,0.0
3,57.00000000000001,51.08291996725542,savE® OM42,PLUSS savE,Organic,44.0,43.0,199.0,863.0,903.0,2.78,2.71,0.145,2000.0,Reported by manufacturer,Yes,1.0,1,True,manufacturer_datasheet_MICE_RF_PMM_completed,179.697,2.745,1.0,True,low_organic,False,True,True,35.75804397707879,True,True,,True,True,False,52.00000000000001,65.0,0.0
3,57.00000000000001,51.08291996725542,C22H46 (docosane-class paraffin),Paraffin,Organic,44.5,,249.0,,,,,,,not_reported,Likely (organic),,0,False,Singh2025_Table2_literature,,,,True,low_organic,False,True,True,35.75804397707879,False,True,not_reported,False,True,False,52.00000000000001,65.0,0.0
3,57.00000000000001,51.08291996725542,RT47,Rubitherm RT,Organic,46.0,47.0,160.0,770.0,880.0,2.0,2.0,0.199,2000.0,Estimated via MICE-RF-PMM,No,-1.0,5,True,manufacturer_datasheet_MICE_RF_PMM_completed,140.8,2.0,1.0,True,low_organic,False,True,True,35.75804397707879,True,True,,True,True,False,52.00000000000001,65.0,0.0
3,57.00000000000001,51.08291996725542,savE® OM46,PLUSS savE,Organic,47.0,45.0,177.0,880.0,917.0,2.7,2.5,0.15,2000.0,Reported by manufacturer,No,2.0,1,True,manufacturer_datasheet_MICE_RF_PMM_completed,162.309,2.6,1.0,True,low_organic,False,True,True,35.75804397707879,True,True,,True,True,False,52.00000000000001,65.0,0.0
3,57.00000000000001,51.08291996725542,RT45HC,Rubitherm RT,Organic,47.0,45.0,230.0,800.0,900.0,2.0,2.37,0.1515,2000.0,Estimated via MICE-RF-PMM,No,2.0,5,True,manufacturer_datasheet_MICE_RF_PMM_completed,207.0,2.185,1.0,True,low_organic,False,True,True,35.75804397707879,True,True,,True,True,False,52.00000000000001,65.0,0.0
3,57.00000000000001,51.08291996725542,RT50,Rubitherm RT,Organic,49.0,50.0,160.0,760.0,880.0,2.0,2.0,0.1815,2000.0,Estimated via MICE-RF-PMM,Yes,-1.0,5,True,manufacturer_datasheet_MICE_RF_PMM_completed,140.8,2.0,1.0,True,low_organic,False,True,True,35.75804397707879,True,True,,True,True,False,52.00000000000001,65.0,0.0
3,57.00000000000001,51.08291996725542,savE® OM50,PLUSS savE,Organic,50.0,50.0,189.0,859.0,961.0,2.78,3.33,0.175,2000.0,Reported by manufacturer,Yes,0.0,1,True,manufacturer_datasheet_MICE_RF_PMM_completed,181.629,3.055,1.0,True,low_organic,False,True,True,35.75804397707879,True,True,,True,True,False,52.00000000000001,65.0,0.0
3,57.00000000000001,51.08291996725542,savE® OM48,PLUSS savE,Organic,51.0,48.0,165.0,875.0,960.0,2.35,2.02,0.15,2000.0,Reported by manufacturer,Yes,3.0,1,True,manufacturer_datasheet_MICE_RF_PMM_completed,158.4,2.185,1.0,True,low_organic,False,True,True,35.75804397707879,True,True,,True,True,False,52.00000000000001,65.0,0.0
3,57.00000000000001,51.08291996725542,Palmitic-Stearic eutectic (64.2/35.8),Eutectic,Organic,52.3,,181.7,,,,,,,not_reported,Likely (organic),,0,False,Singh2025_Table2_literature,,,,True,low_organic,True,True,True,35.75804397707879,False,True,not_reported,False,True,True,52.00000000000001,65.0,0.0
3,57.00000000000001,51.08291996725542,Myristic acid,Fatty acid,Organic,53.0,,190.0,,,,,,,not_reported,Likely (organic),,0,False,Singh2025_Table2_literature,,,,True,low_organic,True,True,True,35.75804397707879,False,True,not_reported,False,True,True,52.00000000000001,65.0,0.0
3,57.00000000000001,51.08291996725542,RT54HC,Rubitherm RT,Organic,54.0,54.0,200.0,850.0,990.0,2.0,2.41,0.174,2000.0,Estimated via MICE-RF-PMM,Yes,0.0,5,True,manufacturer_datasheet_MICE_RF_PMM_completed,198.0,2.205,1.0,True,low_organic,True,True,True,35.75804397707879,True,True,,True,True,True,52.00000000000001,65.0,0.0
3,57.00000000000001,51.08291996725542,RT55,Rubitherm RT,Organic,55.0,55.0,170.0,770.0,880.0,2.0,2.0,0.182,2000.0,Estimated via MICE-RF-PMM,Yes,0.0,5,True,manufacturer_datasheet_MICE_RF_PMM_completed,149.6,2.0,1.0,True,low_organic,True,True,True,35.75804397707879,True,True,,True,True,True,52.00000000000001,65.0,0.0
3,57.00000000000001,51.08291996725542,Palmitic acid,Fatty acid,Organic,63.0,,185.4,,,,,,,not_reported,Likely (organic),,0,False,Singh2025_Table2_literature,,,,True,low_organic,True,True,True,35.75804397707879,False,True,not_reported,False,True,True,52.00000000000001,65.0,0.0
3,57.00000000000001,51.08291996725542,RT64HC,Rubitherm RT,Organic,64.0,64.0,250.0,800.0,900.0,2.0,2.37,0.151,2000.0,Estimated via MICE-RF-PMM,No,0.0,5,True,manufacturer_datasheet_MICE_RF_PMM_completed,225.0,2.185,1.0,True,low_organic,True,True,True,35.75804397707879,True,True,,True,True,True,52.00000000000001,65.0,0.0
3,57.00000000000001,51.08291996725542,Paraffin wax (generic),Paraffin,Organic,64.0,,173.6,790.0,916.0,,,,,not_reported,Likely (organic),,0,False,Singh2025_Table2_literature,159.01760000000002,,,True,low_organic,True,True,True,35.75804397707879,False,True,not_reported,False,True,True,52.00000000000001,65.0,0.0
3,57.00000000000001,51.08291996725542,C30H62 (triacontane-class paraffin),Paraffin,Organic,65.5,,252.0,,,,,,,not_reported,Likely (organic),,0,False,Singh2025_Table2_literature,,,,True,low_organic,False,True,True,35.75804397707879,False,True,not_reported,False,True,False,52.00000000000001,65.0,0.0
4,57.00000000000001,53.468569339304445,savE® HS36,PLUSS savE,Inorganic,35.0,36.0,163.0,1850.0,1967.0,2.32,1.98,0.485,2000.0,Reported by manufacturer,No,-1.0,1,True,manufacturer_datasheet_MICE_RF_PMM_completed,320.621,2.15,1.0,False,check_manually,False,False,True,37.42799853751311,True,True,,True,True,False,52.00000000000001,65.0,0.0
4,57.00000000000001,53.468569339304445,savE® OM35,PLUSS savE,Organic,35.0,34.0,171.0,870.0,900.0,2.78,2.57,0.18,2000.0,Reported by manufacturer,Yes,1.0,1,True,manufacturer_datasheet_MICE_RF_PMM_completed,153.9,2.675,1.0,False,low_organic,False,False,True,37.42799853751311,True,True,,True,True,False,52.00000000000001,65.0,0.0
4,57.00000000000001,53.468569339304445,RT35,Rubitherm RT,Organic,35.0,35.0,160.0,770.0,860.0,2.0,2.01,0.2675,2000.0,Estimated via MICE-RF-PMM,No,0.0,5,True,manufacturer_datasheet_MICE_RF_PMM_completed,137.6,2.005,1.0,False,low_organic,False,False,True,37.42799853751311,True,True,,True,True,False,52.00000000000001,65.0,0.0
4,57.00000000000001,53.468569339304445,savE® OM37,PLUSS savE,Organic,38.0,36.0,186.0,860.0,973.0,2.63,2.55,0.145,2000.0,Reported by manufacturer,No,2.0,1,True,manufacturer_datasheet_MICE_RF_PMM_completed,180.978,2.59,1.0,False,low_organic,False,False,True,37.42799853751311,True,True,,True,True,False,52.00000000000001,65.0,0.0
4,57.00000000000001,53.468569339304445,RT38,Rubitherm RT,Organic,38.0,38.0,170.0,750.0,880.0,2.0,2.02,0.179,2000.0,Estimated via MICE-RF-PMM,No,0.0,5,True,manufacturer_datasheet_MICE_RF_PMM_completed,149.6,2.01,1.0,False,low_organic,False,False,True,37.42799853751311,True,True,,True,True,False,52.00000000000001,65.0,0.0
4,57.00000000000001,53.468569339304445,savE® OM39,PLUSS savE,Organic,39.0,35.0,229.0,824.0,850.0,2.4,2.0,0.1775,2000.0,Under trial (estimate below),No,4.0,2,True,manufacturer_datasheet_MICE_RF_PMM_completed,194.65,2.2,1.0,False,low_organic,False,False,True,37.42799853751311,True,True,,True,True,False,52.00000000000001,65.0,0.0
4,57.00000000000001,53.468569339304445,RT42,Rubitherm RT,Organic,41.0,42.0,165.0,760.0,880.0,2.0,2.01,0.18,2000.0,Estimated via MICE-RF-PMM,No,-1.0,5,True,manufacturer_datasheet_MICE_RF_PMM_completed,145.2,2.005,1.0,False,low_organic,False,False,True,37.42799853751311,True,True,,True,True,False,52.00000000000001,65.0,0.0
4,57.00000000000001,53.468569339304445,Myristic-Palmitic eutectic (58/42),Eutectic,Organic,42.6,,169.7,,,,,,,not_reported,Likely (organic),,0,False,Singh2025_Table2_literature,,,,True,low_organic,False,True,True,37.42799853751311,False,True,not_reported,False,True,False,52.00000000000001,65.0,0.0
4,57.00000000000001,53.468569339304445,RT44HC,Rubitherm RT,Organic,43.0,43.0,250.0,700.0,800.0,2.0,2.18,0.153,2000.0,Estimated via MICE-RF-PMM,No,0.0,5,True,manufacturer_datasheet_MICE_RF_PMM_completed,200.0,2.09,1.0,True,low_organic,False,True,True,37.42799853751311,True,True,,True,True,False,52.00000000000001,65.0,0.0
4,57.00000000000001,53.468569339304445,savE® OM42,PLUSS savE,Organic,44.0,43.0,199.0,863.0,903.0,2.78,2.71,0.145,2000.0,Reported by manufacturer,Yes,1.0,1,True,manufacturer_datasheet_MICE_RF_PMM_completed,179.697,2.745,1.0,True,low_organic,False,True,True,37.42799853751311,True,True,,True,True,False,52.00000000000001,65.0,0.0
4,57.00000000000001,53.468569339304445,C22H46 (docosane-class paraffin),Paraffin,Organic,44.5,,249.0,,,,,,,not_reported,Likely (organic),,0,False,Singh2025_Table2_literature,,,,True,low_organic,False,True,True,37.42799853751311,False,True,not_reported,False,True,False,52.00000000000001,65.0,0.0
4,57.00000000000001,53.468569339304445,RT47,Rubitherm RT,Organic,46.0,47.0,160.0,770.0,880.0,2.0,2.0,0.199,2000.0,Estimated via MICE-RF-PMM,No,-1.0,5,True,manufacturer_datasheet_MICE_RF_PMM_completed,140.8,2.0,1.0,True,low_organic,False,True,True,37.42799853751311,True,True,,True,True,False,52.00000000000001,65.0,0.0
4,57.00000000000001,53.468569339304445,savE® OM46,PLUSS savE,Organic,47.0,45.0,177.0,880.0,917.0,2.7,2.5,0.15,2000.0,Reported by manufacturer,No,2.0,1,True,manufacturer_datasheet_MICE_RF_PMM_completed,162.309,2.6,1.0,True,low_organic,False,True,True,37.42799853751311,True,True,,True,True,False,52.00000000000001,65.0,0.0
4,57.00000000000001,53.468569339304445,RT45HC,Rubitherm RT,Organic,47.0,45.0,230.0,800.0,900.0,2.0,2.37,0.1515,2000.0,Estimated via MICE-RF-PMM,No,2.0,5,True,manufacturer_datasheet_MICE_RF_PMM_completed,207.0,2.185,1.0,True,low_organic,False,True,True,37.42799853751311,True,True,,True,True,False,52.00000000000001,65.0,0.0
4,57.00000000000001,53.468569339304445,RT50,Rubitherm RT,Organic,49.0,50.0,160.0,760.0,880.0,2.0,2.0,0.1815,2000.0,Estimated via MICE-RF-PMM,Yes,-1.0,5,True,manufacturer_datasheet_MICE_RF_PMM_completed,140.8,2.0,1.0,True,low_organic,False,True,True,37.42799853751311,True,True,,True,True,False,52.00000000000001,65.0,0.0
4,57.00000000000001,53.468569339304445,savE® OM50,PLUSS savE,Organic,50.0,50.0,189.0,859.0,961.0,2.78,3.33,0.175,2000.0,Reported by manufacturer,Yes,0.0,1,True,manufacturer_datasheet_MICE_RF_PMM_completed,181.629,3.055,1.0,True,low_organic,False,True,True,37.42799853751311,True,True,,True,True,False,52.00000000000001,65.0,0.0
4,57.00000000000001,53.468569339304445,savE® OM48,PLUSS savE,Organic,51.0,48.0,165.0,875.0,960.0,2.35,2.02,0.15,2000.0,Reported by manufacturer,Yes,3.0,1,True,manufacturer_datasheet_MICE_RF_PMM_completed,158.4,2.185,1.0,True,low_organic,False,True,True,37.42799853751311,True,True,,True,True,False,52.00000000000001,65.0,0.0
4,57.00000000000001,53.468569339304445,Palmitic-Stearic eutectic (64.2/35.8),Eutectic,Organic,52.3,,181.7,,,,,,,not_reported,Likely (organic),,0,False,Singh2025_Table2_literature,,,,True,low_organic,True,True,True,37.42799853751311,False,True,not_reported,False,True,True,52.00000000000001,65.0,0.0
4,57.00000000000001,53.468569339304445,Myristic acid,Fatty acid,Organic,53.0,,190.0,,,,,,,not_reported,Likely (organic),,0,False,Singh2025_Table2_literature,,,,True,low_organic,True,True,True,37.42799853751311,False,True,not_reported,False,True,True,52.00000000000001,65.0,0.0
4,57.00000000000001,53.468569339304445,RT54HC,Rubitherm RT,Organic,54.0,54.0,200.0,850.0,990.0,2.0,2.41,0.174,2000.0,Estimated via MICE-RF-PMM,Yes,0.0,5,True,manufacturer_datasheet_MICE_RF_PMM_completed,198.0,2.205,1.0,True,low_organic,True,True,True,37.42799853751311,True,True,,True,True,True,52.00000000000001,65.0,0.0
4,57.00000000000001,53.468569339304445,RT55,Rubitherm RT,Organic,55.0,55.0,170.0,770.0,880.0,2.0,2.0,0.182,2000.0,Estimated via MICE-RF-PMM,Yes,0.0,5,True,manufacturer_datasheet_MICE_RF_PMM_completed,149.6,2.0,1.0,True,low_organic,True,True,True,37.42799853751311,True,True,,True,True,True,52.00000000000001,65.0,0.0
4,57.00000000000001,53.468569339304445,Palmitic acid,Fatty acid,Organic,63.0,,185.4,,,,,,,not_reported,Likely (organic),,0,False,Singh2025_Table2_literature,,,,True,low_organic,True,True,True,37.42799853751311,False,True,not_reported,False,True,True,52.00000000000001,65.0,0.0
4,57.00000000000001,53.468569339304445,RT64HC,Rubitherm RT,Organic,64.0,64.0,250.0,800.0,900.0,2.0,2.37,0.151,2000.0,Estimated via MICE-RF-PMM,No,0.0,5,True,manufacturer_datasheet_MICE_RF_PMM_completed,225.0,2.185,1.0,True,low_organic,True,True,True,37.42799853751311,True,True,,True,True,True,52.00000000000001,65.0,0.0
4,57.00000000000001,53.468569339304445,Paraffin wax (generic),Paraffin,Organic,64.0,,173.6,790.0,916.0,,,,,not_reported,Likely (organic),,0,False,Singh2025_Table2_literature,159.01760000000002,,,True,low_organic,True,True,True,37.42799853751311,False,True,not_reported,False,True,True,52.00000000000001,65.0,0.0
4,57.00000000000001,53.468569339304445,C30H62 (triacontane-class paraffin),Paraffin,Organic,65.5,,252.0,,,,,,,not_reported,Likely (organic),,0,False,Singh2025_Table2_literature,,,,True,low_organic,False,True,True,37.42799853751311,False,True,not_reported,False,True,False,52.00000000000001,65.0,0.0
