product,manufacturer,property,predicted_value,prediction_method,donor_1_actual_value,donor_1_manufacturer,donor_1_product,donor_1_weight,donor_2_actual_value,donor_2_manufacturer,donor_2_product,donor_2_weight,donor_3_actual_value,donor_3_manufacturer,donor_3_product,donor_3_weight
savE® OM35,Pluss Advanced Technologies,Tm_nucleation,33.3333,MICE + Random Forest + PMM (weighted blend of real donor values),34.0,Pluss Advanced Technologies,savE® HS36,0.333,36.0,Pluss Advanced Technologies,savE® OM37,0.333,45.0,Pluss Advanced Technologies,savE® OM46,0.333
savE® OM39,Pluss Advanced Technologies,Tm_nucleation,34.3333,MICE + Random Forest + PMM (weighted blend of real donor values),34.0,Pluss Advanced Technologies,savE® HS36,0.333,36.0,Pluss Advanced Technologies,savE® OM37,0.333,45.0,Pluss Advanced Technologies,savE® OM46,0.333
savE® OM42,Pluss Advanced Technologies,Tm_nucleation,42.3333,MICE + Random Forest + PMM (weighted blend of real donor values),34.0,Pluss Advanced Technologies,savE® HS36,0.333,36.0,Pluss Advanced Technologies,savE® OM37,0.333,45.0,Pluss Advanced Technologies,savE® OM46,0.333
savE® OM48,Pluss Advanced Technologies,Tm_nucleation,47.3333,MICE + Random Forest + PMM (weighted blend of real donor values),34.0,Pluss Advanced Technologies,savE® HS36,0.333,36.0,Pluss Advanced Technologies,savE® OM37,0.333,45.0,Pluss Advanced Technologies,savE® OM46,0.333
savE® OM50,Pluss Advanced Technologies,Tm_nucleation,49.3333,MICE + Random Forest + PMM (weighted blend of real donor values),34.0,Pluss Advanced Technologies,savE® HS36,0.333,36.0,Pluss Advanced Technologies,savE® OM37,0.333,45.0,Pluss Advanced Technologies,savE® OM46,0.333
RT35,Rubitherm Technologies,Tm_nucleation,34.3333,MICE + Random Forest + PMM (weighted blend of real donor values),34.0,Pluss Advanced Technologies,savE® HS36,0.333,36.0,Pluss Advanced Technologies,savE® OM37,0.333,45.0,Pluss Advanced Technologies,savE® OM46,0.333
RT38,Rubitherm Technologies,Tm_nucleation,37.3333,MICE + Random Forest + PMM (weighted blend of real donor values),34.0,Pluss Advanced Technologies,savE® HS36,0.333,36.0,Pluss Advanced Technologies,savE® OM37,0.333,45.0,Pluss Advanced Technologies,savE® OM46,0.333
RT42,Rubitherm Technologies,Tm_nucleation,41.3333,MICE + Random Forest + PMM (weighted blend of real donor values),34.0,Pluss Advanced Technologies,savE® HS36,0.333,36.0,Pluss Advanced Technologies,savE® OM37,0.333,45.0,Pluss Advanced Technologies,savE® OM46,0.333
RT44HC,Rubitherm Technologies,Tm_nucleation,42.3333,MICE + Random Forest + PMM (weighted blend of real donor values),34.0,Pluss Advanced Technologies,savE® HS36,0.333,36.0,Pluss Advanced Technologies,savE® OM37,0.333,45.0,Pluss Advanced Technologies,savE® OM46,0.333
RT45HC,Rubitherm Technologies,Tm_nucleation,44.3333,MICE + Random Forest + PMM (weighted blend of real donor values),34.0,Pluss Advanced Technologies,savE® HS36,0.333,36.0,Pluss Advanced Technologies,savE® OM37,0.333,45.0,Pluss Advanced Technologies,savE® OM46,0.333
RT47,Rubitherm Technologies,Tm_nucleation,46.3333,MICE + Random Forest + PMM (weighted blend of real donor values),34.0,Pluss Advanced Technologies,savE® HS36,0.333,36.0,Pluss Advanced Technologies,savE® OM37,0.333,45.0,Pluss Advanced Technologies,savE® OM46,0.333
RT50,Rubitherm Technologies,Tm_nucleation,49.3333,MICE + Random Forest + PMM (weighted blend of real donor values),34.0,Pluss Advanced Technologies,savE® HS36,0.333,36.0,Pluss Advanced Technologies,savE® OM37,0.333,45.0,Pluss Advanced Technologies,savE® OM46,0.333
RT54HC,Rubitherm Technologies,Tm_nucleation,53.3333,MICE + Random Forest + PMM (weighted blend of real donor values),34.0,Pluss Advanced Technologies,savE® HS36,0.333,36.0,Pluss Advanced Technologies,savE® OM37,0.333,45.0,Pluss Advanced Technologies,savE® OM46,0.333
RT55,Rubitherm Technologies,Tm_nucleation,54.3333,MICE + Random Forest + PMM (weighted blend of real donor values),34.0,Pluss Advanced Technologies,savE® HS36,0.333,36.0,Pluss Advanced Technologies,savE® OM37,0.333,45.0,Pluss Advanced Technologies,savE® OM46,0.333
RT64HC,Rubitherm Technologies,Tm_nucleation,63.3333,MICE + Random Forest + PMM (weighted blend of real donor values),34.0,Pluss Advanced Technologies,savE® HS36,0.333,36.0,Pluss Advanced Technologies,savE® OM37,0.333,45.0,Pluss Advanced Technologies,savE® OM46,0.333
RT35,Rubitherm Technologies,latent_heat_freezing,200.9802,MICE + Random Forest + PMM (weighted blend of real donor values),202.0,Pluss Advanced Technologies,savE® OM35,0.806,196.0,Pluss Advanced Technologies,savE® OM37,0.176,204.0,Pluss Advanced Technologies,savE® OM50,0.018
RT38,Rubitherm Technologies,latent_heat_freezing,196.7545,MICE + Random Forest + PMM (weighted blend of real donor values),196.0,Pluss Advanced Technologies,savE® OM37,0.855,202.0,Pluss Advanced Technologies,savE® OM35,0.135,190.0,Pluss Advanced Technologies,savE® OM42,0.009
RT42,Rubitherm Technologies,latent_heat_freezing,196.3752,MICE + Random Forest + PMM (weighted blend of real donor values),196.0,Pluss Advanced Technologies,savE® OM37,0.399,202.0,Pluss Advanced Technologies,savE® OM35,0.332,190.0,Pluss Advanced Technologies,savE® OM42,0.269
RT44HC,Rubitherm Technologies,latent_heat_freezing,198.5087,MICE + Random Forest + PMM (weighted blend of real donor values),196.0,Pluss Advanced Technologies,savE® OM37,0.544,202.0,Pluss Advanced Technologies,savE® OM35,0.437,190.0,Pluss Advanced Technologies,savE® OM42,0.019
RT45HC,Rubitherm Technologies,latent_heat_freezing,200.15,MICE + Random Forest + PMM (weighted blend of real donor values),202.0,Pluss Advanced Technologies,savE® OM35,0.474,196.0,Pluss Advanced Technologies,savE® OM37,0.363,204.0,Pluss Advanced Technologies,savE® OM50,0.164
RT47,Rubitherm Technologies,latent_heat_freezing,197.1109,MICE + Random Forest + PMM (weighted blend of real donor values),196.0,Pluss Advanced Technologies,savE® OM37,0.467,202.0,Pluss Advanced Technologies,savE® OM35,0.359,190.0,Pluss Advanced Technologies,savE® OM42,0.174
RT50,Rubitherm Technologies,latent_heat_freezing,195.9831,MICE + Random Forest + PMM (weighted blend of real donor values),196.0,Pluss Advanced Technologies,savE® OM37,0.369,190.0,Pluss Advanced Technologies,savE® OM42,0.317,202.0,Pluss Advanced Technologies,savE® OM35,0.314
RT54HC,Rubitherm Technologies,latent_heat_freezing,196.8651,MICE + Random Forest + PMM (weighted blend of real donor values),196.0,Pluss Advanced Technologies,savE® OM37,0.823,202.0,Pluss Advanced Technologies,savE® OM35,0.161,190.0,Pluss Advanced Technologies,savE® OM42,0.017
RT55,Rubitherm Technologies,latent_heat_freezing,197.5743,MICE + Random Forest + PMM (weighted blend of real donor values),196.0,Pluss Advanced Technologies,savE® OM37,0.561,202.0,Pluss Advanced Technologies,savE® OM35,0.351,190.0,Pluss Advanced Technologies,savE® OM42,0.089
RT64HC,Rubitherm Technologies,latent_heat_freezing,200.1237,MICE + Random Forest + PMM (weighted blend of real donor values),202.0,Pluss Advanced Technologies,savE® OM35,0.482,196.0,Pluss Advanced Technologies,savE® OM37,0.364,204.0,Pluss Advanced Technologies,savE® OM50,0.154
savE® HS36,Pluss Advanced Technologies,heat_storage_Wh_kg,47.8646,MICE + Random Forest + PMM (weighted blend of real donor values),48.0,Rubitherm Technologies,RT55,0.722,48.0,Rubitherm Technologies,RT42,0.143,47.0,Rubitherm Technologies,RT38,0.135
savE® OM35,Pluss Advanced Technologies,heat_storage_Wh_kg,50.8069,MICE + Random Forest + PMM (weighted blend of real donor values),48.0,Rubitherm Technologies,RT55,0.419,56.0,Rubitherm Technologies,RT54HC,0.351,48.0,Rubitherm Technologies,RT42,0.231
savE® OM37,Pluss Advanced Technologies,heat_storage_Wh_kg,61.8911,MICE + Random Forest + PMM (weighted blend of real donor values),56.0,Rubitherm Technologies,RT54HC,0.493,70.0,Rubitherm Technologies,RT44HC,0.306,64.0,Rubitherm Technologies,RT45HC,0.201
savE® OM39,Pluss Advanced Technologies,heat_storage_Wh_kg,53.6684,MICE + Random Forest + PMM (weighted blend of real donor values),56.0,Rubitherm Technologies,RT54HC,0.709,48.0,Rubitherm Technologies,RT55,0.173,48.0,Rubitherm Technologies,RT42,0.118
savE® OM42,Pluss Advanced Technologies,heat_storage_Wh_kg,56.4258,MICE + Random Forest + PMM (weighted blend of real donor values),56.0,Rubitherm Technologies,RT54HC,0.861,70.0,Rubitherm Technologies,RT44HC,0.07,48.0,Rubitherm Technologies,RT55,0.069
savE® OM46,Pluss Advanced Technologies,heat_storage_Wh_kg,56.0878,MICE + Random Forest + PMM (weighted blend of real donor values),56.0,Rubitherm Technologies,RT54HC,0.963,48.0,Rubitherm Technologies,RT55,0.019,70.0,Rubitherm Technologies,RT44HC,0.017
savE® OM48,Pluss Advanced Technologies,heat_storage_Wh_kg,52.7547,MICE + Random Forest + PMM (weighted blend of real donor values),56.0,Rubitherm Technologies,RT54HC,0.594,48.0,Rubitherm Technologies,RT55,0.245,48.0,Rubitherm Technologies,RT42,0.161
savE® OM50,Pluss Advanced Technologies,heat_storage_Wh_kg,53.2219,MICE + Random Forest + PMM (weighted blend of real donor values),56.0,Rubitherm Technologies,RT54HC,0.653,48.0,Rubitherm Technologies,RT55,0.208,48.0,Rubitherm Technologies,RT42,0.139
RT35,Rubitherm Technologies,Cp_solid,2.0098,MICE + Random Forest + PMM (weighted blend of real donor values),2.02,Pluss Advanced Technologies,savE® OM48,0.59,2.0,Pluss Advanced Technologies,savE® OM39,0.308,1.98,Pluss Advanced Technologies,savE® HS36,0.102
RT38,Rubitherm Technologies,Cp_solid,2.0174,MICE + Random Forest + PMM (weighted blend of real donor values),2.02,Pluss Advanced Technologies,savE® OM48,0.906,2.0,Pluss Advanced Technologies,savE® OM39,0.056,1.98,Pluss Advanced Technologies,savE® HS36,0.038
RT42,Rubitherm Technologies,Cp_solid,2.0118,MICE + Random Forest + PMM (weighted blend of real donor values),2.02,Pluss Advanced Technologies,savE® OM48,0.723,2.0,Pluss Advanced Technologies,savE® OM39,0.145,1.98,Pluss Advanced Technologies,savE® HS36,0.131
RT44HC,Rubitherm Technologies,Cp_solid,2.1792,MICE + Random Forest + PMM (weighted blend of real donor values),2.0,Pluss Advanced Technologies,savE® OM39,0.407,2.5,Pluss Advanced Technologies,savE® OM46,0.349,2.02,Pluss Advanced Technologies,savE® OM48,0.245
RT45HC,Rubitherm Technologies,Cp_solid,2.3747,MICE + Random Forest + PMM (weighted blend of real donor values),2.5,Pluss Advanced Technologies,savE® OM46,0.475,2.0,Pluss Advanced Technologies,savE® OM39,0.284,2.57,Pluss Advanced Technologies,savE® OM35,0.241
RT47,Rubitherm Technologies,Cp_solid,2.0011,MICE + Random Forest + PMM (weighted blend of real donor values),2.0,Pluss Advanced Technologies,savE® OM39,0.886,2.02,Pluss Advanced Technologies,savE® OM48,0.084,1.98,Pluss Advanced Technologies,savE® HS36,0.03
RT50,Rubitherm Technologies,Cp_solid,2.0028,MICE + Random Forest + PMM (weighted blend of real donor values),2.0,Pluss Advanced Technologies,savE® OM39,0.728,2.02,Pluss Advanced Technologies,savE® OM48,0.205,1.98,Pluss Advanced Technologies,savE® HS36,0.066
RT54HC,Rubitherm Technologies,Cp_solid,2.4054,MICE + Random Forest + PMM (weighted blend of real donor values),2.5,Pluss Advanced Technologies,savE® OM46,0.538,2.57,Pluss Advanced Technologies,savE® OM35,0.24,2.0,Pluss Advanced Technologies,savE® OM39,0.223
RT55,Rubitherm Technologies,Cp_solid,2.001,MICE + Random Forest + PMM (weighted blend of real donor values),2.0,Pluss Advanced Technologies,savE® OM39,0.889,2.02,Pluss Advanced Technologies,savE® OM48,0.079,1.98,Pluss Advanced Technologies,savE® HS36,0.032
RT64HC,Rubitherm Technologies,Cp_solid,2.3726,MICE + Random Forest + PMM (weighted blend of real donor values),2.5,Pluss Advanced Technologies,savE® OM46,0.471,2.0,Pluss Advanced Technologies,savE® OM39,0.288,2.57,Pluss Advanced Technologies,savE® OM35,0.24
RT35,Rubitherm Technologies,TC_liquid,0.3332,MICE + Random Forest + PMM (weighted blend of real donor values),0.47,Pluss Advanced Technologies,savE® HS36,0.554,0.165,Pluss Advanced Technologies,savE® OM39,0.272,0.16,Pluss Advanced Technologies,savE® OM35,0.174
RT38,Rubitherm Technologies,TC_liquid,0.1577,MICE + Random Forest + PMM (weighted blend of real donor values),0.16,Pluss Advanced Technologies,savE® OM35,0.502,0.165,Pluss Advanced Technologies,savE® OM39,0.361,0.13,Pluss Advanced Technologies,savE® OM37,0.137
RT42,Rubitherm Technologies,TC_liquid,0.16,MICE + Random Forest + PMM (weighted blend of real donor values),0.16,Pluss Advanced Technologies,savE® OM35,0.996,0.165,Pluss Advanced Technologies,savE® OM39,0.002,0.13,Pluss Advanced Technologies,savE® OM37,0.002
RT44HC,Rubitherm Technologies,TC_liquid,0.1292,MICE + Random Forest + PMM (weighted blend of real donor values),0.13,Pluss Advanced Technologies,savE® OM37,0.779,0.14,Pluss Advanced Technologies,savE® OM50,0.145,0.1,Pluss Advanced Technologies,savE® OM48,0.076
RT45HC,Rubitherm Technologies,TC_liquid,0.1235,MICE + Random Forest + PMM (weighted blend of real donor values),0.14,Pluss Advanced Technologies,savE® OM50,0.471,0.1,Pluss Advanced Technologies,savE® OM48,0.374,0.13,Pluss Advanced Technologies,savE® OM37,0.155
RT47,Rubitherm Technologies,TC_liquid,0.1982,MICE + Random Forest + PMM (weighted blend of real donor values),0.165,Pluss Advanced Technologies,savE® OM39,0.701,0.16,Pluss Advanced Technologies,savE® OM35,0.187,0.47,Pluss Advanced Technologies,savE® HS36,0.112
RT50,Rubitherm Technologies,TC_liquid,0.162,MICE + Random Forest + PMM (weighted blend of real donor values),0.165,Pluss Advanced Technologies,savE® OM39,0.784,0.16,Pluss Advanced Technologies,savE® OM35,0.151,0.13,Pluss Advanced Technologies,savE® OM37,0.065
RT54HC,Rubitherm Technologies,TC_liquid,0.1397,MICE + Random Forest + PMM (weighted blend of real donor values),0.13,Pluss Advanced Technologies,savE® OM37,0.479,0.14,Pluss Advanced Technologies,savE® OM50,0.297,0.16,Pluss Advanced Technologies,savE® OM35,0.224
RT55,Rubitherm Technologies,TC_liquid,0.1633,MICE + Random Forest + PMM (weighted blend of real donor values),0.165,Pluss Advanced Technologies,savE® OM39,0.884,0.16,Pluss Advanced Technologies,savE® OM35,0.08,0.13,Pluss Advanced Technologies,savE® OM37,0.036
RT64HC,Rubitherm Technologies,TC_liquid,0.1235,MICE + Random Forest + PMM (weighted blend of real donor values),0.14,Pluss Advanced Technologies,savE® OM50,0.471,0.1,Pluss Advanced Technologies,savE® OM48,0.374,0.13,Pluss Advanced Technologies,savE® OM37,0.155
RT35,Rubitherm Technologies,TC_solid,0.2019,MICE + Random Forest + PMM (weighted blend of real donor values),0.2,Pluss Advanced Technologies,savE® OM48,0.458,0.2,Pluss Advanced Technologies,savE® OM35,0.347,0.21,Pluss Advanced Technologies,savE® OM50,0.195
RT38,Rubitherm Technologies,TC_solid,0.2003,MICE + Random Forest + PMM (weighted blend of real donor values),0.2,Pluss Advanced Technologies,savE® OM35,0.872,0.2,Pluss Advanced Technologies,savE® OM48,0.101,0.21,Pluss Advanced Technologies,savE® OM50,0.027
RT42,Rubitherm Technologies,TC_solid,0.2001,MICE + Random Forest + PMM (weighted blend of real donor values),0.2,Pluss Advanced Technologies,savE® OM48,0.942,0.2,Pluss Advanced Technologies,savE® OM35,0.047,0.21,Pluss Advanced Technologies,savE® OM50,0.011
RT44HC,Rubitherm Technologies,TC_solid,0.1767,MICE + Random Forest + PMM (weighted blend of real donor values),0.16,Pluss Advanced Technologies,savE® OM37,0.444,0.19,Pluss Advanced Technologies,savE® OM39,0.407,0.19,Pluss Advanced Technologies,savE® OM42,0.149
RT45HC,Rubitherm Technologies,TC_solid,0.1796,MICE + Random Forest + PMM (weighted blend of real donor values),0.16,Pluss Advanced Technologies,savE® OM37,0.345,0.19,Pluss Advanced Technologies,savE® OM39,0.33,0.19,Pluss Advanced Technologies,savE® OM42,0.325
RT47,Rubitherm Technologies,TC_solid,0.2004,MICE + Random Forest + PMM (weighted blend of real donor values),0.2,Pluss Advanced Technologies,savE® OM48,0.827,0.2,Pluss Advanced Technologies,savE® OM35,0.136,0.21,Pluss Advanced Technologies,savE® OM50,0.037
RT50,Rubitherm Technologies,TC_solid,0.2006,MICE + Random Forest + PMM (weighted blend of real donor values),0.2,Pluss Advanced Technologies,savE® OM48,0.521,0.2,Pluss Advanced Technologies,savE® OM35,0.417,0.21,Pluss Advanced Technologies,savE® OM50,0.061
RT54HC,Rubitherm Technologies,TC_solid,0.2083,MICE + Random Forest + PMM (weighted blend of real donor values),0.21,Pluss Advanced Technologies,savE® OM50,0.846,0.2,Pluss Advanced Technologies,savE® OM46,0.133,0.19,Pluss Advanced Technologies,savE® OM39,0.021
RT55,Rubitherm Technologies,TC_solid,0.2006,MICE + Random Forest + PMM (weighted blend of real donor values),0.2,Pluss Advanced Technologies,savE® OM35,0.781,0.2,Pluss Advanced Technologies,savE® OM48,0.154,0.21,Pluss Advanced Technologies,savE® OM50,0.065
RT64HC,Rubitherm Technologies,TC_solid,0.1794,MICE + Random Forest + PMM (weighted blend of real donor values),0.16,Pluss Advanced Technologies,savE® OM37,0.352,0.19,Pluss Advanced Technologies,savE® OM39,0.335,0.19,Pluss Advanced Technologies,savE® OM42,0.313
savE® HS36,Pluss Advanced Technologies,TC_both,0.2,MICE + Random Forest + PMM (weighted blend of real donor values),0.2,Rubitherm Technologies,RT35,0.333,0.2,Rubitherm Technologies,RT38,0.333,0.2,Rubitherm Technologies,RT42,0.333
savE® OM35,Pluss Advanced Technologies,TC_both,0.2,MICE + Random Forest + PMM (weighted blend of real donor values),0.2,Rubitherm Technologies,RT35,0.333,0.2,Rubitherm Technologies,RT38,0.333,0.2,Rubitherm Technologies,RT42,0.333
savE® OM37,Pluss Advanced Technologies,TC_both,0.2,MICE + Random Forest + PMM (weighted blend of real donor values),0.2,Rubitherm Technologies,RT35,0.333,0.2,Rubitherm Technologies,RT38,0.333,0.2,Rubitherm Technologies,RT42,0.333
savE® OM39,Pluss Advanced Technologies,TC_both,0.2,MICE + Random Forest + PMM (weighted blend of real donor values),0.2,Rubitherm Technologies,RT35,0.333,0.2,Rubitherm Technologies,RT38,0.333,0.2,Rubitherm Technologies,RT42,0.333
savE® OM42,Pluss Advanced Technologies,TC_both,0.2,MICE + Random Forest + PMM (weighted blend of real donor values),0.2,Rubitherm Technologies,RT35,0.333,0.2,Rubitherm Technologies,RT38,0.333,0.2,Rubitherm Technologies,RT42,0.333
savE® OM46,Pluss Advanced Technologies,TC_both,0.2,MICE + Random Forest + PMM (weighted blend of real donor values),0.2,Rubitherm Technologies,RT35,0.333,0.2,Rubitherm Technologies,RT38,0.333,0.2,Rubitherm Technologies,RT42,0.333
savE® OM48,Pluss Advanced Technologies,TC_both,0.2,MICE + Random Forest + PMM (weighted blend of real donor values),0.2,Rubitherm Technologies,RT35,0.333,0.2,Rubitherm Technologies,RT38,0.333,0.2,Rubitherm Technologies,RT42,0.333
savE® OM50,Pluss Advanced Technologies,TC_both,0.2,MICE + Random Forest + PMM (weighted blend of real donor values),0.2,Rubitherm Technologies,RT35,0.333,0.2,Rubitherm Technologies,RT38,0.333,0.2,Rubitherm Technologies,RT42,0.333
savE® HS36,Pluss Advanced Technologies,volume_expansion,12.5,MICE + Random Forest + PMM (weighted blend of real donor values),12.5,Rubitherm Technologies,RT42,0.494,12.5,Rubitherm Technologies,RT38,0.259,12.5,Rubitherm Technologies,RT50,0.247
savE® OM35,Pluss Advanced Technologies,volume_expansion,11.7732,MICE + Random Forest + PMM (weighted blend of real donor values),12.0,Rubitherm Technologies,RT47,0.62,11.0,Rubitherm Technologies,RT64HC,0.227,12.0,Rubitherm Technologies,RT45HC,0.153
savE® OM37,Pluss Advanced Technologies,volume_expansion,11.8203,MICE + Random Forest + PMM (weighted blend of real donor values),12.0,Rubitherm Technologies,RT47,0.706,11.0,Rubitherm Technologies,RT64HC,0.18,12.0,Rubitherm Technologies,RT45HC,0.115
savE® OM39,Pluss Advanced Technologies,volume_expansion,12.5,MICE + Random Forest + PMM (weighted blend of real donor values),12.5,Rubitherm Technologies,RT44HC,0.474,12.5,Rubitherm Technologies,RT35,0.34,12.5,Rubitherm Technologies,RT38,0.186
savE® OM42,Pluss Advanced Technologies,volume_expansion,12.5,MICE + Random Forest + PMM (weighted blend of real donor values),12.5,Rubitherm Technologies,RT35,0.956,12.5,Rubitherm Technologies,RT44HC,0.032,12.5,Rubitherm Technologies,RT38,0.011
savE® OM46,Pluss Advanced Technologies,volume_expansion,12.5,MICE + Random Forest + PMM (weighted blend of real donor values),12.5,Rubitherm Technologies,RT44HC,0.864,12.5,Rubitherm Technologies,RT35,0.107,12.5,Rubitherm Technologies,RT38,0.03
savE® OM48,Pluss Advanced Technologies,volume_expansion,12.5,MICE + Random Forest + PMM (weighted blend of real donor values),12.5,Rubitherm Technologies,RT35,0.42,12.5,Rubitherm Technologies,RT38,0.341,12.5,Rubitherm Technologies,RT44HC,0.239
savE® OM50,Pluss Advanced Technologies,volume_expansion,11.8395,MICE + Random Forest + PMM (weighted blend of real donor values),12.0,Rubitherm Technologies,RT47,0.569,11.0,Rubitherm Technologies,RT64HC,0.251,12.5,Rubitherm Technologies,RT44HC,0.18
RT54HC,Rubitherm Technologies,volume_expansion,11.7603,MICE + Random Forest + PMM (weighted blend of real donor values),12.0,Rubitherm Technologies,RT47,0.596,11.0,Rubitherm Technologies,RT64HC,0.24,12.0,Rubitherm Technologies,RT45HC,0.165
savE® HS36,Pluss Advanced Technologies,flash_point,197.6422,MICE + Random Forest + PMM (weighted blend of real donor values),200.0,Rubitherm Technologies,RT50,0.429,200.0,Pluss Advanced Technologies,savE® OM35,0.335,190.0,Rubitherm Technologies,RT64HC,0.236
savE® OM37,Pluss Advanced Technologies,flash_point,197.5682,MICE + Random Forest + PMM (weighted blend of real donor values),200.0,Rubitherm Technologies,RT50,0.407,200.0,Pluss Advanced Technologies,savE® OM35,0.35,190.0,Rubitherm Technologies,RT64HC,0.243
savE® OM39,Pluss Advanced Technologies,flash_point,198.8452,MICE + Random Forest + PMM (weighted blend of real donor values),200.0,Rubitherm Technologies,RT50,0.747,200.0,Pluss Advanced Technologies,savE® OM35,0.138,190.0,Rubitherm Technologies,RT64HC,0.115
savE® OM46,Pluss Advanced Technologies,flash_point,198.2589,MICE + Random Forest + PMM (weighted blend of real donor values),200.0,Pluss Advanced Technologies,savE® OM42,0.728,190.0,Rubitherm Technologies,RT64HC,0.174,200.0,Pluss Advanced Technologies,savE® OM35,0.098
RT54HC,Rubitherm Technologies,flash_point,200.0,MICE + Random Forest + PMM (weighted blend of real donor values),200.0,Rubitherm Technologies,RT55,0.478,200.0,Pluss Advanced Technologies,savE® OM42,0.308,200.0,Pluss Advanced Technologies,savE® OM50,0.214
savE® OM39,Pluss Advanced Technologies,cycles_tested,2000.0,MICE + Random Forest + PMM (weighted blend of real donor values),2000.0,Pluss Advanced Technologies,savE® HS36,0.333,2000.0,Pluss Advanced Technologies,savE® OM35,0.333,2000.0,Pluss Advanced Technologies,savE® OM37,0.333
RT35,Rubitherm Technologies,cycles_tested,2000.0,MICE + Random Forest + PMM (weighted blend of real donor values),2000.0,Pluss Advanced Technologies,savE® HS36,0.333,2000.0,Pluss Advanced Technologies,savE® OM35,0.333,2000.0,Pluss Advanced Technologies,savE® OM37,0.333
RT38,Rubitherm Technologies,cycles_tested,2000.0,MICE + Random Forest + PMM (weighted blend of real donor values),2000.0,Pluss Advanced Technologies,savE® HS36,0.333,2000.0,Pluss Advanced Technologies,savE® OM35,0.333,2000.0,Pluss Advanced Technologies,savE® OM37,0.333
RT42,Rubitherm Technologies,cycles_tested,2000.0,MICE + Random Forest + PMM (weighted blend of real donor values),2000.0,Pluss Advanced Technologies,savE® HS36,0.333,2000.0,Pluss Advanced Technologies,savE® OM35,0.333,2000.0,Pluss Advanced Technologies,savE® OM37,0.333
RT44HC,Rubitherm Technologies,cycles_tested,2000.0,MICE + Random Forest + PMM (weighted blend of real donor values),2000.0,Pluss Advanced Technologies,savE® HS36,0.333,2000.0,Pluss Advanced Technologies,savE® OM35,0.333,2000.0,Pluss Advanced Technologies,savE® OM37,0.333
RT45HC,Rubitherm Technologies,cycles_tested,2000.0,MICE + Random Forest + PMM (weighted blend of real donor values),2000.0,Pluss Advanced Technologies,savE® HS36,0.333,2000.0,Pluss Advanced Technologies,savE® OM35,0.333,2000.0,Pluss Advanced Technologies,savE® OM37,0.333
RT47,Rubitherm Technologies,cycles_tested,2000.0,MICE + Random Forest + PMM (weighted blend of real donor values),2000.0,Pluss Advanced Technologies,savE® HS36,0.333,2000.0,Pluss Advanced Technologies,savE® OM35,0.333,2000.0,Pluss Advanced Technologies,savE® OM37,0.333
RT50,Rubitherm Technologies,cycles_tested,2000.0,MICE + Random Forest + PMM (weighted blend of real donor values),2000.0,Pluss Advanced Technologies,savE® HS36,0.333,2000.0,Pluss Advanced Technologies,savE® OM35,0.333,2000.0,Pluss Advanced Technologies,savE® OM37,0.333
RT54HC,Rubitherm Technologies,cycles_tested,2000.0,MICE + Random Forest + PMM (weighted blend of real donor values),2000.0,Pluss Advanced Technologies,savE® HS36,0.333,2000.0,Pluss Advanced Technologies,savE® OM35,0.333,2000.0,Pluss Advanced Technologies,savE® OM37,0.333
RT55,Rubitherm Technologies,cycles_tested,2000.0,MICE + Random Forest + PMM (weighted blend of real donor values),2000.0,Pluss Advanced Technologies,savE® HS36,0.333,2000.0,Pluss Advanced Technologies,savE® OM35,0.333,2000.0,Pluss Advanced Technologies,savE® OM37,0.333
RT64HC,Rubitherm Technologies,cycles_tested,2000.0,MICE + Random Forest + PMM (weighted blend of real donor values),2000.0,Pluss Advanced Technologies,savE® HS36,0.333,2000.0,Pluss Advanced Technologies,savE® OM35,0.333,2000.0,Pluss Advanced Technologies,savE® OM37,0.333
RT35,Rubitherm Technologies,flammability,No,Random Forest classifier (nearest known-label PCMs shown as evidence),No,Pluss Advanced Technologies,savE® OM39,,Yes,Pluss Advanced Technologies,savE® OM35,,Yes,Pluss Advanced Technologies,savE® OM42,
RT38,Rubitherm Technologies,flammability,No,Random Forest classifier (nearest known-label PCMs shown as evidence),No,Pluss Advanced Technologies,savE® OM39,,Yes,Pluss Advanced Technologies,savE® OM42,,Yes,Pluss Advanced Technologies,savE® OM35,
RT42,Rubitherm Technologies,flammability,No,Random Forest classifier (nearest known-label PCMs shown as evidence),No,Pluss Advanced Technologies,savE® OM39,,Yes,Pluss Advanced Technologies,savE® OM42,,Yes,Pluss Advanced Technologies,savE® OM35,
RT44HC,Rubitherm Technologies,flammability,No,Random Forest classifier (nearest known-label PCMs shown as evidence),No,Pluss Advanced Technologies,savE® OM39,,Yes,Pluss Advanced Technologies,savE® OM42,,Yes,Pluss Advanced Technologies,savE® OM35,
RT45HC,Rubitherm Technologies,flammability,No,Random Forest classifier (nearest known-label PCMs shown as evidence),No,Pluss Advanced Technologies,savE® OM39,,Yes,Pluss Advanced Technologies,savE® OM42,,Yes,Pluss Advanced Technologies,savE® OM35,
RT47,Rubitherm Technologies,flammability,No,Random Forest classifier (nearest known-label PCMs shown as evidence),No,Pluss Advanced Technologies,savE® OM39,,Yes,Pluss Advanced Technologies,savE® OM42,,Yes,Pluss Advanced Technologies,savE® OM35,
RT50,Rubitherm Technologies,flammability,Yes,Random Forest classifier (nearest known-label PCMs shown as evidence),No,Pluss Advanced Technologies,savE® OM39,,Yes,Pluss Advanced Technologies,savE® OM42,,Yes,Pluss Advanced Technologies,savE® OM35,
RT54HC,Rubitherm Technologies,flammability,Yes,Random Forest classifier (nearest known-label PCMs shown as evidence),Yes,Pluss Advanced Technologies,savE® OM50,,No,Pluss Advanced Technologies,savE® OM37,,Yes,Pluss Advanced Technologies,savE® OM48,
RT55,Rubitherm Technologies,flammability,Yes,Random Forest classifier (nearest known-label PCMs shown as evidence),No,Pluss Advanced Technologies,savE® OM39,,Yes,Pluss Advanced Technologies,savE® OM42,,Yes,Pluss Advanced Technologies,savE® OM35,
RT64HC,Rubitherm Technologies,flammability,No,Random Forest classifier (nearest known-label PCMs shown as evidence),No,Pluss Advanced Technologies,savE® OM39,,Yes,Pluss Advanced Technologies,savE® OM42,,Yes,Pluss Advanced Technologies,savE® OM50,
RT35,Rubitherm Technologies,appearance,White flakes @25°C,Random Forest classifier (nearest known-label PCMs shown as evidence),White flakes @25°C,Pluss Advanced Technologies,savE® OM39,,White waxy flakes/solid @25°C,Pluss Advanced Technologies,savE® OM35,,White solid @25°C,Pluss Advanced Technologies,savE® OM42,
RT38,Rubitherm Technologies,appearance,White flakes @25°C,Random Forest classifier (nearest known-label PCMs shown as evidence),White flakes @25°C,Pluss Advanced Technologies,savE® OM39,,White solid @25°C,Pluss Advanced Technologies,savE® OM42,,White waxy flakes/solid @25°C,Pluss Advanced Technologies,savE® OM35,
RT42,Rubitherm Technologies,appearance,White flakes @25°C,Random Forest classifier (nearest known-label PCMs shown as evidence),White flakes @25°C,Pluss Advanced Technologies,savE® OM39,,White solid @25°C,Pluss Advanced Technologies,savE® OM42,,White waxy flakes/solid @25°C,Pluss Advanced Technologies,savE® OM35,
RT44HC,Rubitherm Technologies,appearance,White flakes @25°C,Random Forest classifier (nearest known-label PCMs shown as evidence),White flakes @25°C,Pluss Advanced Technologies,savE® OM39,,White solid @25°C,Pluss Advanced Technologies,savE® OM42,,White waxy flakes/solid @25°C,Pluss Advanced Technologies,savE® OM35,
RT45HC,Rubitherm Technologies,appearance,White waxy solid @25°C,Random Forest classifier (nearest known-label PCMs shown as evidence),White flakes @25°C,Pluss Advanced Technologies,savE® OM39,,White solid @25°C,Pluss Advanced Technologies,savE® OM42,,White waxy flakes/solid @25°C,Pluss Advanced Technologies,savE® OM35,
RT47,Rubitherm Technologies,appearance,White waxy solid @25°C,Random Forest classifier (nearest known-label PCMs shown as evidence),White flakes @25°C,Pluss Advanced Technologies,savE® OM39,,White solid @25°C,Pluss Advanced Technologies,savE® OM42,,White waxy flakes/solid @25°C,Pluss Advanced Technologies,savE® OM35,
RT50,Rubitherm Technologies,appearance,White waxy solid @25°C,Random Forest classifier (nearest known-label PCMs shown as evidence),White flakes @25°C,Pluss Advanced Technologies,savE® OM39,,White solid @25°C,Pluss Advanced Technologies,savE® OM42,,White waxy flakes/solid @25°C,Pluss Advanced Technologies,savE® OM35,
RT54HC,Rubitherm Technologies,appearance,White color waxy solid @25°C,Random Forest classifier (nearest known-label PCMs shown as evidence),White color waxy solid @25°C,Pluss Advanced Technologies,savE® OM50,,White waxy flakes @25°C,Pluss Advanced Technologies,savE® OM37,,White waxy solid @25°C,Pluss Advanced Technologies,savE® OM48,
RT55,Rubitherm Technologies,appearance,White waxy solid @25°C,Random Forest classifier (nearest known-label PCMs shown as evidence),White flakes @25°C,Pluss Advanced Technologies,savE® OM39,,White solid @25°C,Pluss Advanced Technologies,savE® OM42,,White waxy flakes/solid @25°C,Pluss Advanced Technologies,savE® OM35,
RT64HC,Rubitherm Technologies,appearance,White waxy solid @25°C,Random Forest classifier (nearest known-label PCMs shown as evidence),White flakes @25°C,Pluss Advanced Technologies,savE® OM39,,White solid @25°C,Pluss Advanced Technologies,savE® OM42,,White color waxy solid @25°C,Pluss Advanced Technologies,savE® OM50,
